종목코드,종목명,시장,종가,거래량,거래대금,상장주식수,회전율
488280,에스투더블유,KOSDAQ,17750,5614773,99926966785,10825486,51.8662
042510,라온시큐어,KOSDAQ,14870,5552539,77974681400,11105828,49.9966
158430,아톤,KOSDAQ,6840,12156630,79321247425,24482092,49.6552
054920,한컴위드,KOSDAQ,5490,10858591,59568275945,28217081,38.4823
411080,샌즈랩,KOSDAQ,8970,5753344,49314269055,15267638,37.6833
217590,티엠씨,KOSPI,18910,8425578,157181760760,24094225,34.9693
005110,한창,KOSPI,74,6542391,604076122,21106407,30.9972
387690,레메디,KOSDAQ,20100,2152933,43831084055,7625791,28.2323
069540,빛과전자,KOSDAQ,5000,26878267,132311231977,112691897,23.8511
0035S0,빅웨이브로보틱스,KOSDAQ,31850,2312100,75622808075,10270411,22.5122
356680,엑스게이트,KOSDAQ,20325,6404419,135757590415,28543492,22.4374
486510,글로벌테크놀로지,KOSDAQ,15290,4277155,67068102070,19646144,21.771
072950,빛샘전자,KOSDAQ,17320,1614178,28068048200,8052610,20.0454
115500,케이씨에스,KOSDAQ,12390,2337613,28352460295,12000000,19.4801
100590,머큐리,KOSDAQ,6240,3291060,20674070115,17139545,19.2016
263860,지니언스,KOSDAQ,24800,1694250,42767506125,9079600,18.66
263600,덕우전자,KOSDAQ,5530,2796714,15820820212,15930310,17.5559
136150,원일티엔아이,KOSDAQ,14160,1456997,20284548100,8381030,17.3845
065770,CS,KOSDAQ,1003,1754644,1730083320,10515064,16.687
434480,모니터랩,KOSDAQ,3300,2029584,6904518339,12310300,16.4869
105740,디케이락,KOSDAQ,11790,1581139,18923743365,10168513,15.5494
321370,센서뷰,KOSDAQ,2075,10719231,23417842960,70622251,15.1783
203650,드림시큐리티,KOSDAQ,3100,14812637,46391579776,101704484,14.5644
006140,피제이전자,KOSDAQ,5840,2147596,12629928600,14865000,14.4473
468670,브릴스,KOSDAQ,31350,1607728,51977167900,11363649,14.148
005030,부산주공,KOSPI,29,12418894,389446551,92782988,13.3849
046970,우리로,KOSDAQ,8650,5825311,50911506280,43824999,13.2922
047920,HLB제약,KOSDAQ,13010,4297256,52989044920,32799356,13.1016
008970,KBI동양철관,KOSPI,1451,13405671,19724886031,103766907,12.919
150900,파수AI,KOSDAQ,4600,1403270,6399460768,11703922,11.9897
247660,나노씨엠에스,KOSDAQ,3670,586628,2034440818,5230920,11.2146
115610,이미지스,KOSDAQ,1925,1308195,2595879786,11818769,11.0688
456010,아이씨티케이,KOSDAQ,28300,1536298,44054131650,14502350,10.5934
266690,덕산넵코어스,KOSDAQ,16380,1926841,32084932530,18893889,10.1982
430690,한싹,KOSDAQ,3350,1088415,3754398875,10895304,9.9898
306040,에스제이그룹,KOSDAQ,1894,905718,1764147928,9287044,9.7525
005160,동국산업,KOSDAQ,4175,5130727,22029248546,54244482,9.4585
0161M0,네오사피엔스,KOSDAQ,14460,1154953,17813474735,12215845,9.4545
067920,이글루,KOSDAQ,6580,1011854,6766540010,10996119,9.2019
452190,한빛레이저,KOSDAQ,6290,2196251,13871513740,23920557,9.1814
062970,한국첨단소재,KOSDAQ,3175,2744773,8568270674,30122423,9.1121
274090,켄코아에어로스페이스,KOSDAQ,13850,1240718,17267838960,13774207,9.0075
413630,씨피시스템,KOSDAQ,4430,3276241,14654020906,36436605,8.9916
011080,형지I&C,KOSDAQ,421,625006,283313826,7096262,8.8075
115440,우리넷,KOSDAQ,12280,930439,11673814650,10794292,8.6197
000020,동화약품,KOSPI,5470,2316013,13298308220,27931470,8.2918
443670,에스피소프트,KOSDAQ,5050,1949485,10003792395,24010564,8.1193
002710,TCC스틸,KOSPI,14740,2045614,30620508540,26213697,7.8036
023790,동일스틸럭스,KOSDAQ,1614,1009302,1679586167,13069808,7.7224
340450,지씨지놈,KOSDAQ,10220,1798655,17878894380,23650793,7.6051
457370,한켐,KOSDAQ,11270,580135,6574774300,8067134,7.1913
010170,대한광통신,KOSDAQ,18390,11012274,204021765390,155485660,7.0825
046210,HLB파나진,KOSDAQ,1422,3069140,4466786300,45527960,6.7412
225190,LK삼양,KOSDAQ,4975,932775,4754552901,14093688,6.6184
354320,알멕,KOSDAQ,50300,422064,21388137500,6391381,6.6036
003580,HLB글로벌,KOSPI,2115,3336588,7207223505,50663505,6.5858
209640,와이제이링크,KOSDAQ,4165,1817643,7829308630,28443146,6.3904
065150,대산F&B,KOSDAQ,1325,1014471,1404270690,15938240,6.365
069920,엑시온그룹,KOSDAQ,1463,1474142,2104485471,24119218,6.1119
196490,디에이테크놀로지,KOSDAQ,80,667950,48947181,11351645,5.8842
0017J0,세미티에스,KOSDAQ,3425,1772468,6072415203,30151041,5.8786
036930,주성엔지니어링,KOSDAQ GLOBAL,275500,2730874,726303393750,46481121,5.8752
001820,삼화콘덴서,KOSPI,161300,604205,97715858450,10395000,5.8125
125490,한라캐스트,KOSDAQ,13720,2116120,29067761150,36502352,5.7972
097800,윈팩,KOSDAQ,3785,1562322,6038847685,27290045,5.7249
027040,서울전자통신,KOSDAQ,2020,794270,1556613198,13917769,5.7069
365590,하이딥,KOSDAQ,1625,1044692,1648138320,18407275,5.6754
347700,스피어,KOSDAQ,26950,2911697,78628148800,51551362,5.6481
386380,스카이랩스,KOSDAQ,17410,1048336,18539801970,18761977,5.5876
140430,카티스,KOSDAQ,2700,595394,1623385850,10689507,5.5699
009190,대양금속,KOSPI,593,2499519,1519699639,44939175,5.562
109820,진매트릭스,KOSDAQ,1621,1114007,1917084277,20393640,5.4625
480370,씨케이솔루션,KOSPI,2280,1755673,4006064718,32481408,5.4052
452280,한선엔지니어링,KOSDAQ,14970,1030026,15280580745,19247670,5.3514
0011A0,액스비스,KOSDAQ,12200,497332,6078752260,9333740,5.3283
226340,본느,KOSDAQ,6180,443657,2724516620,8390484,5.2876
187420,HLB제넥스,KOSDAQ,2140,1643249,3640334722,32644947,5.0337
039610,화성밸브,KOSDAQ,6750,521747,3549701765,10410400,5.0118
015260,에이엔피,KOSPI,168,2358500,414772108,47116894,5.0056
003010,혜인,KOSPI,8730,623979,5380667360,12712747,4.9083
462520,조선내화,KOSPI,13220,570807,8213214820,11855168,4.8148
036540,SFA반도체,KOSDAQ,11890,7878984,93984817850,164460303,4.7908
126730,코칩,KOSDAQ,25150,418612,10451955150,8770126,4.7732
490470,세미파이브,KOSDAQ,21600,1617964,34862261225,34025440,4.7552
417030,니어스랩,KOSDAQ,27150,273212,7629803600,5777556,4.7289
067630,HLB생명과학,KOSDAQ,4410,5522619,24561162169,121917058,4.5298
080220,제주반도체,KOSDAQ,93300,1550589,142980018450,34442833,4.5019
027360,아주IB투자,KOSDAQ,4040,5391397,22489541979,121145406,4.4504
002785,진흥기업우B,KOSPI,6750,3813,25420100,85721,4.4482
071090,하이스틸,KOSPI,3535,892253,3204094475,20191471,4.419
439960,코스모로보틱스,KOSDAQ,7720,1429509,11185606845,32450626,4.4052
001210,금호전기,KOSPI,9100,555209,5108359415,12626599,4.3971
033160,엠케이전자,KOSDAQ,19020,1026549,20147610365,24564058,4.1791
138080,오이솔루션,KOSDAQ,33250,514946,17054413500,12377758,4.1603
043260,성호전자,KOSDAQ,32550,3127971,99908071875,75451848,4.1457
005690,파미셀,KOSPI,13150,2476741,33025116755,60004014,4.1276
053260,금강철강,KOSDAQ,7210,764926,5682727140,18720000,4.0861
270520,앱튼,KOSDAQ,879,1603162,1415319133,40026914,4.0052
053800,안랩,KOSDAQ,88300,442123,38646471950,11126506,3.9736
365660,레몬헬스케어,KOSDAQ,3870,534594,2092567623,13455559,3.973
115450,HLB테라퓨틱스,KOSDAQ,2840,3747996,11044157830,94683294,3.9585
327260,RF머트리얼즈,KOSDAQ,56600,708305,39717621750,17987408,3.9378
058450,한주에이알티,KOSDAQ,594,212499,124935720,5397972,3.9366
200350,아티스트스튜디오,KOSDAQ,4010,391978,1491325339,9996025,3.9213
042370,비츠로테크,KOSDAQ,11520,1021931,11702307915,26200025,3.9005
478340,나라스페이스테크놀로지,KOSDAQ,16750,450989,7622988940,11610415,3.8843
005360,모나미,KOSPI,1101,725377,765099863,18897307,3.8385
056080,유진로봇,KOSDAQ,13030,1452925,17178737455,38235486,3.7999
028300,HLB,KOSDAQ,47050,5025769,240656810850,133198223,3.7732
091580,상신이디피,KOSDAQ,24850,501949,12077298925,13328219,3.7661
412350,레이저쎌,KOSDAQ,6730,547660,3730815695,14603043,3.7503
469750,아이비젼웍스,KOSDAQ,5670,254963,1377007465,6891296,3.6998
418620,E8,KOSDAQ,403,1118354,457285030,30796320,3.6315
002787,진흥기업2우B,KOSPI,9220,1058,9857780,29480,3.5889
469480,IBKS제24호스팩,KOSDAQ,3440,151615,507530025,4230000,3.5843
417840,저스템,KOSDAQ,19140,821823,15945450985,22946681,3.5814
085910,네오티스,KOSDAQ,20200,493693,9682418635,13794818,3.5788
060480,국일신동,KOSDAQ,1040,394789,380866785,11090000,3.5599
184230,SGA솔루션즈,KOSDAQ,2340,659856,1539609110,18833952,3.5035
396300,HT로보틱스,KOSDAQ,6050,911801,5541493685,26489500,3.4421
950250,테라뷰,KOSDAQ,4245,1193998,5111704446,35696932,3.3448
104540,코렌텍,KOSDAQ,5710,442718,2526634715,13407410,3.302
042000,카페24,KOSDAQ,23700,797798,18250207200,24178169,3.2997
356890,싸이버원,KOSDAQ,2800,391202,1103721792,11953825,3.2726
0200G0,한국제17호스팩,KOSDAQ,1919,284113,545603268,8700000,3.2657
278650,HLB바이오스텝,KOSDAQ,3735,568858,2070029517,17432396,3.2632
354200,엔젠바이오,KOSDAQ,740,514194,397813982,16086583,3.1964
093370,후성,KOSPI,16230,3413611,54519998635,107255330,3.1827
465770,STX그린로지스,KOSPI,2100,227918,478554064,7218380,3.1575
003350,한국화장품제조,KOSPI,14490,705029,10269681175,22660000,3.1113
004105,태양금속우,KOSPI,4680,102052,479462127,3300000,3.0925
224060,더코디,KOSDAQ,4115,159435,657818065,5160722,3.0894
299170,더블유에스아이,KOSDAQ,1513,1275090,1914267190,41511288,3.0717
012340,뉴인텍,KOSDAQ,393,662807,272017106,22044793,3.0066
017900,광전자,KOSPI,10250,1738279,17607617590,57943763,2.9999
024850,HLB이노베이션,KOSDAQ,17900,1032880,19093477045,34539971,2.9904
253590,네오셈,KOSDAQ,16270,1311721,20894676865,43869164,2.9901
024060,흥구석유,KOSDAQ,12270,446360,5385774295,15000000,2.9757
065440,이루온,KOSDAQ,1617,810276,1318959706,27275020,2.9708
0007J0,인벤테라,KOSDAQ,10060,232844,2363633055,7865714,2.9602
330860,네패스아크,KOSDAQ,33900,350816,11916426325,12184045,2.8793
145170,노브랜드,KOSDAQ,3420,476422,1640918180,16908405,2.8177
417200,LS머트리얼즈,KOSDAQ,15700,1900357,29600079115,67652659,2.809
382800,지앤비에스 에코,KOSDAQ,6470,884755,5708256685,31831041,2.7795
192250,케이사인,KOSDAQ,8970,196355,1762424515,7067125,2.7784
012860,모베이스전자,KOSDAQ,2590,1997681,5281864128,73233457,2.7278
425040,티이엠씨,KOSDAQ,15160,592764,8951452320,21922898,2.7039
041190,우리기술투자,KOSDAQ,6250,2155210,13406214115,79800000,2.7008
109670,씨싸이트,KOSDAQ,16130,156683,2575282105,5836602,2.6845
067310,하나마이크론,KOSDAQ,53000,1782092,95028730200,66490869,2.6802
432430,와이랩,KOSDAQ,2100,439297,1014583882,16508320,2.6611
053300,한국정보인증,KOSDAQ,5590,1043246,5788599520,39565146,2.6368
196300,HLB펩,KOSDAQ,5100,250086,1319462878,9493947,2.6342
020120,키다리스튜디오,KOSPI,7420,975474,7211485290,37063766,2.6319
033170,시그네틱스,KOSDAQ,3315,447245,1490469583,17145663,2.6085
289010,아이스크림에듀,KOSDAQ,817,363670,292162062,13945256,2.6078
0010S0,와이즈플래닛컴퍼니,KOSDAQ,17070,261161,4632480215,10020030,2.6064
232140,와이씨,KOSDAQ,18240,2132545,37626739550,82045350,2.5992
261780,아리바이오랩,KOSDAQ,3760,748228,2743762900,28955976,2.584
403870,HPSP,KOSDAQ GLOBAL,68900,2101502,143205953000,82300000,2.5535
332570,PS일렉트로닉스,KOSDAQ,9210,1160980,10782811465,45940603,2.5271
232830,아이티센피엔에스,KOSDAQ,3190,416523,1330702640,16533726,2.5192
059120,아진엑스텍,KOSDAQ,8110,459219,3716545595,18310066,2.508
393210,토마토시스템,KOSDAQ,3475,387618,1338862116,15614544,2.4824
475460,미트박스,KOSDAQ,2985,139078,417737880,5646525,2.4631
014950,삼익제약,KOSDAQ,8380,244208,2057051905,10067588,2.4257
098460,고영,KOSDAQ,36150,1648420,58807528875,68204213,2.4169
056360,코위버,KOSDAQ,6810,236718,1609074725,9796800,2.4163
052710,아모텍,KOSDAQ,21900,449838,9546756900,18680800,2.408
493280,아이엠바이오로직스,KOSDAQ,19120,357190,6789060900,14845961,2.406
160190,하이젠알앤엠,KOSDAQ,33800,742251,24485282125,30888000,2.403
498390,한화플러스제5호스팩,KOSDAQ,2755,119109,333133200,4960000,2.4014
357580,아모센스,KOSDAQ,8240,282723,2361745460,11789762,2.398
170790,파이오링크,KOSDAQ,8870,153045,1376147585,6397335,2.3923
0010F0,보원케미칼,KOSDAQ,2925,266221,788387242,11143601,2.389
417500,제이아이테크,KOSDAQ,4715,776025,3551562369,32784744,2.367
024840,KBI메탈,KOSDAQ,6370,1015200,6483606550,43466367,2.3356
070300,퀀텀레일,KOSDAQ,600,829553,502508525,35524729,2.3351
101330,모베이스,KOSDAQ,4095,535088,2179515062,23147029,2.3117
0015N0,아로마티카,KOSDAQ,9840,290504,2882956065,12576922,2.3098
085670,뉴프렉스,KOSDAQ,3800,563715,2160184137,24500761,2.3008
250930,예선테크,KOSDAQ,687,151580,103933999,6600088,2.2966
081180,쎄크,KOSDAQ,7090,201699,1410320815,8825535,2.2854
006660,삼성공조,KOSPI,13400,184045,2464393390,8126314,2.2648
900070,글로벌에스엠,KOSDAQ,1170,606570,705126712,26871984,2.2573
355150,코스텍시스,KOSDAQ,24850,171032,4231986475,7797350,2.1935
004770,써니전자,KOSPI,1814,778635,1432086405,35507438,2.1929
0209J0,KB제34호스팩,KOSDAQ,1908,158030,301173818,7210000,2.1918
065450,빅텍,KOSDAQ,3020,642217,1959231934,29495803,2.1773
067170,오텍,KOSDAQ,2865,597947,1757060908,27467087,2.177
258790,소프트캠프,KOSDAQ,7590,108693,827183240,4998256,2.1746
089970,브이엠,KOSDAQ,70800,576074,39183509700,26556065,2.1693
394800,쓰리빌리언,KOSDAQ,6250,684803,4212022860,31822553,2.1519
078150,HB테크놀러지,KOSDAQ,2420,2036088,4921183127,94921798,2.145
037030,파워넷,KOSDAQ,4135,545844,2247952814,25512992,2.1395
0155E0,해치텍,KOSDAQ,11870,117167,1403731440,5487150,2.1353
012210,삼미금속,KOSDAQ,12140,486159,5823076855,23051579,2.109
050890,쏠리드,KOSDAQ,10460,1281314,13438056705,60756534,2.1089
007810,코리아써키트,KOSPI,88600,503082,44131909800,23982620,2.0977
142210,유니트론텍,KOSDAQ,7000,434295,3010221465,20751403,2.0928
052260,현대바이오랜드,KOSDAQ,4990,623814,3135485345,30000000,2.0794
267320,나인테크,KOSDAQ,2840,1192758,3359309754,57415295,2.0774
388790,라이콤,KOSDAQ,5670,635932,3609138845,30614160,2.0772
131970,두산테스나,KOSDAQ GLOBAL,117800,400176,46819667200,19327238,2.0705
039560,다산네트웍스,KOSDAQ,3000,887215,2686343375,42888468,2.0687
030530,원익홀딩스,KOSDAQ,30700,1593848,49289604475,77237981,2.0636
303810,동국생명과학,KOSDAQ,2805,657511,1844683775,31984140,2.0557
256840,한국비엔씨,KOSDAQ,3165,1400931,4459596019,68394886,2.0483
092790,넥스틸,KOSPI,14220,532024,7665492180,26002000,2.0461
065530,와이어블,KOSDAQ,1503,978212,1464001547,47838759,2.0448
108860,셀바스AI,KOSDAQ,9320,548856,5129219585,26914790,2.0392
090460,비에이치,KOSPI,22050,683410,14761749975,33711538,2.0272
066310,큐에스아이,KOSDAQ,9160,186895,1692690555,9271621,2.0158
079190,케스피온,KOSDAQ,1679,409445,688571773,20341566,2.0128
006110,삼아알미늄,KOSPI,70500,300514,20426370700,15123455,1.9871
003160,디아이,KOSPI,42300,561577,23741964400,28300000,1.9844
119850,지엔씨에너지,KOSDAQ,51400,325530,16835011250,16448909,1.979
0039P0,매드업,KOSDAQ,8060,371766,2981479695,18807400,1.9767
026910,광진실업,KOSDAQ,2140,156342,323269910,7928326,1.9719
317120,라닉스,KOSDAQ,1490,300841,464873376,15260000,1.9714
048770,TPC로보틱스,KOSDAQ,4190,309367,1294970677,15697991,1.9707
288980,모아데이타,KOSDAQ,205,714552,149081270,36381379,1.9641
033790,피노,KOSDAQ,10010,1677596,16710744255,86012953,1.9504
067290,JW신약,KOSDAQ,2940,1091556,3215253626,56037103,1.9479
079650,서산,KOSDAQ,5590,388018,2165518390,20000000,1.9401
240810,원익IPS,KOSDAQ GLOBAL,141300,946046,132272388800,49083901,1.9274
308100,형지글로벌,KOSDAQ,254,495686,130127748,25819998,1.9198
049080,기가레인,KOSDAQ,9850,161751,1582243370,8488334,1.9056
355390,크라우드웍스,KOSDAQ,1540,302923,451315620,15943444,1.9
322000,HD현대에너지솔루션,KOSPI,146400,212127,30449496750,11200000,1.894
303030,지니틱스,KOSDAQ,1181,173016,203634697,9157476,1.8893
432720,퀄리타스반도체,KOSDAQ,12510,267422,3309311910,14187572,1.8849
201490,미투온,KOSDAQ,3380,612022,2085897577,32723726,1.8703
002990,금호건설,KOSPI,11810,694477,8315525725,37259974,1.8639
134580,탑코미디어,KOSDAQ,2570,913134,2336029519,49294149,1.8524
348340,뉴로메카,KOSDAQ,22350,432377,9838823375,23408424,1.8471
360350,코셈,KOSDAQ,12360,100173,1219046855,5437970,1.8421
479960,위너스일렉,KOSDAQ,6420,131231,889958440,7126000,1.8416
086960,MDS테크,KOSDAQ,2435,774918,1873385622,42528670,1.8221
071950,코아스,KOSPI,1546,262641,408738472,14459195,1.8164
092870,엑시콘,KOSDAQ,53000,236025,12565691100,13050797,1.8085
388050,지투파워,KOSDAQ,10490,337996,3497713375,18709437,1.8066
049480,오픈베이스,KOSDAQ,2040,562762,1155139857,31422383,1.791
222800,심텍,KOSDAQ GLOBAL,178800,686088,121806452750,38484526,1.7828
215790,이노인스트루먼트,KOSDAQ,642,715856,473093946,40283149,1.7771
234030,싸이닉솔루션,KOSDAQ,3880,414121,1626870666,23605000,1.7544
030520,한컴,KOSDAQ,18400,424153,7758242045,24179744,1.7542
353200,대덕전자,KOSPI,156900,857557,132558887450,49416925,1.7354
089140,넥스턴앤롤코리아,KOSDAQ,2355,264554,616812607,15316234,1.7273
025560,미래산업,KOSPI,8630,463303,4049178125,27778678,1.6678
004835,덕성우,KOSPI,4540,23211,106829070,1392000,1.6675
234340,헥토파이낸셜,KOSDAQ,23600,232467,5522174550,13970656,1.664
107640,한중엔시에스,KOSDAQ,44900,150206,6647952875,9064946,1.657
259630,엠플러스,KOSDAQ,10430,202233,2090963675,12222396,1.6546
446540,메가터치,KOSDAQ,11250,480496,5143227410,29079111,1.6524
054780,키이스트,KOSDAQ,2215,323747,710659986,19657793,1.6469
173130,오파스넷,KOSDAQ,8040,214052,1708534725,13046473,1.6407
071280,로체시스템즈,KOSDAQ,9010,250684,2270044105,15296603,1.6388
079370,제우스,KOSDAQ,14680,504470,7258358415,31016990,1.6264
007660,이수페타시스,KOSPI,131600,1185835,156646886150,73409219,1.6154
058610,에스피지,KOSDAQ,107300,355811,38009584150,22177360,1.6044
123330,제닉,KOSDAQ,21050,127587,2726557850,7968680,1.6011
080580,오킨스전자,KOSDAQ,28550,336820,9519718075,21090955,1.597
322310,오로스테크놀로지,KOSDAQ,16690,149218,2518489115,9366542,1.5931
295310,에이치브이엠,KOSDAQ,75800,199596,14989769700,12547686,1.5907
144960,뉴파워프라즈마,KOSDAQ,13490,693001,9287667110,43692624,1.5861
032580,피델릭스,KOSDAQ,7700,522008,3966039615,33132064,1.5755
0015S0,페스카로,KOSDAQ,8650,155095,1352441455,9866730,1.5719
424760,벨로크,KOSDAQ,2265,157159,360908061,10098368,1.5563
078600,대주전자재료,KOSDAQ,111100,244146,27459936000,15704138,1.5547
089030,테크윙,KOSDAQ,57500,575981,32730554350,37053645,1.5545
357880,SKAI,KOSDAQ,1784,834901,1487118061,54205823,1.5402
100790,미래에셋벤처투자,KOSDAQ,18370,808231,15354350845,53120578,1.5215
356860,티엘비,KOSDAQ,50700,360580,18305648225,23701260,1.5214
103230,에스앤더블류,KOSDAQ,1485,107239,157983100,7200000,1.4894
006050,국영지앤엠,KOSDAQ,2930,51905,153670010,3489524,1.4875
032300,한국파마,KOSDAQ,8550,161922,1378395520,10906701,1.4846
009830,한화솔루션,KOSPI,36950,3325276,121704413275,224892536,1.4786
001250,GS글로벌,KOSPI,3145,1219018,3799751559,82533764,1.477
204270,제이앤티씨,KOSDAQ,23200,852537,19665256250,57848466,1.4737
469900,하나31호스팩,KOSDAQ,2100,82599,173457900,5605000,1.4737
035000,HS애드,KOSPI,6160,238057,1458352825,16207644,1.4688
077360,덕산하이메탈,KOSDAQ,14450,664010,9643070265,45437002,1.4614
488900,비츠로넥스텍,KOSDAQ,12030,419596,5152097240,28976443,1.4481
419050,삼기에너지솔루션즈,KOSDAQ,1803,816620,1472097883,57196240,1.4278
383310,에코프로에이치엔,KOSDAQ,26700,298680,7837027150,20974932,1.424
048910,대원미디어,KOSDAQ,7260,177526,1335729965,12578946,1.4113
131760,파인텍,KOSDAQ,1287,122290,157613864,8686316,1.4078
204620,글로벌텍스프리,KOSDAQ,5420,987214,5400652095,70283330,1.4046
035620,바른손이앤에이,KOSDAQ,595,260552,153527049,18609918,1.4001
397030,에이프릴바이오,KOSDAQ,16090,385825,6296238020,27558782,1.4
487400,케이앤에스아이앤씨,KOSDAQ,6340,143398,933689065,10260882,1.3975
126340,비나텍,KOSDAQ,92900,98712,9177707000,7180414,1.3747
429270,시지트로닉스,KOSDAQ,3610,98660,355647620,7190131,1.3722
281820,케이씨텍,KOSPI,104800,269829,26791904350,19798661,1.3629
452450,피아이이,KOSDAQ,5750,485198,2781576385,36028500,1.3467
451760,컨텍,KOSDAQ,8740,221647,1964002180,16507774,1.3427
264850,이랜시스,KOSDAQ,6010,403983,2427961620,30294612,1.3335
200470,에이팩트,KOSDAQ,10010,581408,5859138990,43823556,1.3267
047770,코데즈컴바인,KOSDAQ,3580,500178,1771738636,37842602,1.3217
006340,대원전선,KOSPI,13370,1032718,13802783825,78414416,1.317
065170,비엘팜텍,KOSDAQ,2215,364966,825654090,27913793,1.3075
148250,알엔투테크놀로지,KOSDAQ,1912,177928,345589259,13610704,1.3073
192650,드림텍,KOSPI,9650,859381,8308673275,65886829,1.3043
122350,삼기,KOSDAQ,1612,500051,819361909,38339428,1.3043
476830,알지노믹스,KOSDAQ,29850,364959,10961769400,28055436,1.3008
277880,티에스아이,KOSDAQ,4060,257772,1024521024,19843212,1.299
011930,신성이엔지,KOSPI,19970,263434,5196627815,20306182,1.2973
320000,한울반도체,KOSDAQ,10240,89646,934728110,6913670,1.2966
100130,동국S&C,KOSDAQ,1623,737420,1195546227,57143000,1.2905
092600,앤씨앤,KOSDAQ,2445,64630,160038880,5016703,1.2883
241710,코스메카코리아,KOSDAQ GLOBAL,104200,137577,14536110200,10680000,1.2882
064290,인텍플러스,KOSDAQ,60200,166496,10204869750,12998378,1.2809
338220,뷰노,KOSDAQ,8190,178439,1476423780,14001823,1.2744
163730,핑거,KOSDAQ,14710,162617,2376947385,12765717,1.2739
406820,뷰티스킨,KOSDAQ,2415,179830,432103216,14136157,1.2721
078350,한양디지텍,KOSDAQ,36200,193775,6983271900,15244382,1.2711
108490,로보티즈,KOSDAQ,319500,186238,59181577500,14667028,1.2698
011070,LG이노텍,KOSPI,628000,300086,185216846500,23667107,1.2679
066970,엘앤에프,KOSPI,124700,515161,62704871900,40686184,1.2662
002820,SUN&L,KOSPI,1028,151234,155821573,12063204,1.2537
101490,에스앤에스텍,KOSDAQ GLOBAL,53600,267177,14315999250,21334879,1.2523
389500,에스비비테크,KOSDAQ,45150,83109,3760630450,6663472,1.2472
090710,휴림로봇,KOSDAQ,6560,1481266,9872402460,119559029,1.2389
033640,네패스,KOSDAQ,32950,284422,9367344375,23059202,1.2334
189300,인텔리안테크,KOSDAQ,74600,132072,9913758600,10737497,1.23
317400,자이에스앤디,KOSPI,9890,476358,4720909105,38782520,1.2283
004310,현대약품,KOSPI,8250,393008,3278413755,32000000,1.2282
282620,기도산업,KOSDAQ,11340,71349,819756150,5860707,1.2174
368770,파이버프로,KOSDAQ,14570,398817,5829184680,32854225,1.2139
0220W0,한화머시너리앤서비스홀딩스,KOSPI,5730,1022574,5878891895,84515535,1.2099
168360,펨트론,KOSDAQ,16910,269718,4566852275,22392557,1.2045
121600,나노신소재,KOSDAQ,63900,147322,9337497350,12262191,1.2014
475830,오름테라퓨틱,KOSDAQ,20350,261321,5397602050,21752916,1.2013
098120,마이크로컨텍솔,KOSDAQ,60000,99706,5889632250,8312766,1.1994
290690,아리바이오홀딩스,KOSDAQ,3065,634047,1940727210,53072805,1.1947
0088M0,메쥬,KOSDAQ,15150,117084,1742415830,9881750,1.1849
123010,MSDI,KOSDAQ,4210,239435,1003482240,20215767,1.1844
131100,티엔엔터테인먼트,KOSDAQ,3450,75776,251025221,6449344,1.1749
089890,코세스,KOSDAQ,35600,194081,6834104075,16584962,1.1702
208370,셀바스헬스케어,KOSDAQ,2755,300729,823211555,25740564,1.1683
002995,금호건설우,KOSPI,14430,3403,49278130,292266,1.1644
0099X0,IBKS제25호스팩,KOSDAQ,2215,69290,155131965,5980000,1.1587
459550,알트,KOSDAQ,2035,291820,597546025,25220761,1.1571
051160,지어소프트,KOSDAQ,13450,155636,2094538870,13482648,1.1543
290270,휴네시온,KOSDAQ,2965,110714,328370167,9607672,1.1523
900340,윙입푸드,KOSDAQ,1425,409708,570411925,35582732,1.1514
083310,엘오티베큠,KOSDAQ,13410,204949,2708625600,17810033,1.1508
058470,리노공업,KOSDAQ GLOBAL,86700,876913,76032076650,76211850,1.1506
178320,서진시스템,KOSDAQ,42600,731994,30795509650,63723489,1.1487
348370,엔켐,KOSDAQ,24100,248361,5985600000,21910994,1.1335
101670,하이드로리튬,KOSDAQ,552,643312,345148701,56777187,1.133
290550,디케이티,KOSDAQ,24600,225663,5445273425,20001230,1.1282
018880,한온시스템,KOSPI,3925,11555342,45678812288,1026251342,1.126
122640,예스티,KOSDAQ,33900,243648,8360823850,21651325,1.1253
004710,한솔테크닉스,KOSPI,11820,594515,7100196970,53043517,1.1208
051370,인터플렉스,KOSDAQ,7560,260497,1930705735,23327472,1.1167
104200,NHN벅스,KOSDAQ,2500,165351,417473430,14827550,1.1152
425420,티에프이,KOSDAQ,68100,137304,9442846950,12347181,1.112
147760,피엠티,KOSDAQ,4080,221503,919308284,20000000,1.1075
004100,태양금속,KOSPI,3265,403480,1329822671,36700000,1.0994
160980,싸이맥스,KOSDAQ,28850,119930,3468967650,10924243,1.0978
060900,에이전트AI,KOSDAQ,1619,71625,115485182,6543786,1.0945
222080,SFA넥셀,KOSDAQ GLOBAL,8750,850395,7410383265,77780144,1.0933
000250,삼천당제약,KOSDAQ,237500,255216,60043450750,23457472,1.088
222040,코스맥스엔비티,KOSDAQ,6320,224141,1394437395,20628000,1.0866
437730,삼현,KOSDAQ,52100,343585,17832155750,31707567,1.0836
004920,씨아이테크,KOSPI,7000,56201,389823750,5217987,1.0771
064260,다날,KOSDAQ,4675,813343,3801789159,75645457,1.0752
456160,지투지바이오,KOSDAQ,43050,178733,7603175050,16629426,1.0748
145995,삼양사우,KOSPI,32250,3972,127046700,370070,1.0733
161580,필옵틱스,KOSDAQ,41600,250883,10336460875,23442247,1.0702
475150,SK이터닉스,KOSPI,49150,363344,17888487875,34067004,1.0666
228340,동양파일,KOSDAQ,3215,212760,689011718,20000000,1.0638
102120,어보브반도체,KOSDAQ,8910,188104,1668091910,17780753,1.0579
950160,코오롱티슈진,KOSDAQ,17040,897961,15355289055,84970160,1.0568
019210,와이지-원,KOSDAQ,12630,392425,5041891645,37193728,1.0551
001440,대한전선,KOSPI,31550,2058586,65488326700,195992596,1.0503
457600,벡트,KOSDAQ,4160,142779,617950099,13707500,1.0416
314130,지놈앤컴퍼니,KOSDAQ,5760,543600,3083141260,52299425,1.0394
091590,남화토건,KOSDAQ,5790,121924,711792055,11740000,1.0385
0197V0,엔에이치스팩34호,KOSDAQ,1917,93860,179815945,9050000,1.0371
208710,포톤,KOSDAQ,2880,136569,394067690,13180132,1.0362
482630,삼양엔씨켐,KOSDAQ,15700,225691,3541029450,21888280,1.0311
036710,심텍홀딩스,KOSDAQ,5200,542591,2835701575,52827754,1.0271
281740,레이크머티리얼즈,KOSDAQ,13140,674936,8774080870,65730548,1.0268
088800,에이스테크,KOSDAQ,2450,772050,1896608001,75506434,1.0225
351320,넥사다이내믹스,KOSDAQ,4435,316642,1442768385,31007542,1.0212
389020,자람테크놀로지,KOSDAQ,17020,70451,1207432150,6905082,1.0203
101170,우림피티에스,KOSDAQ,9450,137184,1269968610,13500000,1.0162
251370,와이엠티,KOSDAQ,9520,182876,1757197905,18013213,1.0152
417010,나노팀,KOSDAQ,6830,203972,1400184670,20172728,1.0111
187870,디바이스,KOSDAQ,13260,139260,1892200450,13862772,1.0046
218410,RFHIC,KOSDAQ,61500,266249,16489919500,26575442,1.0019
051980,중앙첨단소재,KOSDAQ,9950,110536,1102632350,11109170,0.995
005950,이수화학,KOSPI,11820,261262,3086283955,26294169,0.9936
089230,THE E&M,KOSDAQ,1706,390695,678337275,39421354,0.9911
240600,유진테크놀로지,KOSDAQ,911,82193,74629111,8299410,0.9903
090360,로보스타,KOSDAQ,81900,95968,7831010350,9750000,0.9843
323350,다원넥스뷰,KOSDAQ,9690,78788,769646550,8010772,0.9835
950260,인제니아테라퓨틱스(Reg.S),KOSDAQ,29350,485878,13804616025,49444607,0.9827
272110,케이엔제이,KOSDAQ,32650,78714,2578553725,8025395,0.9808
006910,보성파워텍,KOSDAQ,7500,479369,3579880790,49129824,0.9757
112290,와이씨켐,KOSDAQ,12240,197153,2433324915,20221090,0.975
047560,이스트소프트,KOSDAQ,8360,114452,956684660,11753082,0.9738
032685,소프트센우,KOSDAQ,6020,694,4118220,71362,0.9725
439580,블루엠텍,KOSDAQ,2970,328398,969180897,33846547,0.9703
340810,시선AI,KOSDAQ,3665,135069,492891160,13949482,0.9683
010280,아이티센엔텍,KOSDAQ,5840,126022,750164600,13024757,0.9676
477850,마키나락스,KOSDAQ,22450,171767,3896314025,17754736,0.9674
025980,아난티,KOSDAQ,5030,937405,4661086111,97300990,0.9634
005320,온타이드,KOSPI,1491,329149,483028640,34187845,0.9628
099320,쎄트렉아이,KOSDAQ,81700,104850,8678613800,10951278,0.9574
138360,앤로보틱스,KOSDAQ,1365,841111,1168603440,87973934,0.9561
073570,리튬포어스,KOSDAQ,2970,114843,344512415,12037328,0.9541
112610,씨에스윈드,KOSPI,57800,401844,22959392850,42171403,0.9529
010060,OCI홀딩스,KOSPI,243500,177280,42755518250,18670232,0.9495
187660,페니트리움바이오,KOSDAQ,6820,605879,4217253230,63966253,0.9472
211270,AP위성,KOSDAQ,9760,142762,1373988955,15082304,0.9466
230240,에치에프알,KOSDAQ,14250,125457,1802958925,13309000,0.9426
321820,아티스트컴퍼니,KOSDAQ,3960,145119,564893265,15591376,0.9308
100840,SNT에너지,KOSPI,34550,183684,6456272950,19761108,0.9295
141000,비아트론,KOSDAQ,11690,112447,1285126490,12114710,0.9282
226950,올릭스,KOSDAQ GLOBAL,121800,210968,25934249000,22750539,0.9273
095610,테스,KOSDAQ GLOBAL,175500,179424,31345532400,19360000,0.9268
036570,NC,KOSPI,226500,198770,45271231750,21544022,0.9226
034940,조아제약,KOSDAQ,2545,56156,143878770,6195965,0.9063
000990,DB하이텍,KOSPI,137700,393713,54684484750,43504588,0.905
487580,폴레드,KOSDAQ,2750,227594,626952050,25182861,0.9038
032940,원익,KOSDAQ,9320,163906,1528956665,18193181,0.9009
125210,아모그린텍,KOSDAQ,6690,148536,989757520,16496790,0.9004
107600,새빗켐,KOSDAQ,14740,50659,749215880,5650054,0.8966
0007C0,아크릴,KOSDAQ,19160,71988,1376187485,8030324,0.8965
348210,넥스틴,KOSDAQ,40350,93889,3741839450,10477005,0.8961
492220,KB제31호스팩,KOSDAQ,2035,55214,111667655,6210000,0.8891
205100,엑셈,KOSDAQ,1370,598392,837687330,67539374,0.886
032820,우리기술,KOSDAQ,12790,1530212,19567945440,172784612,0.8856
0015G0,그린광학,KOSDAQ,16050,103463,1687400685,11702541,0.8841
265740,엔에프씨,KOSDAQ,7210,157888,1140439490,17863600,0.8839
051630,진양화학,KOSPI,1450,186168,272841735,21200000,0.8782
255220,SG,KOSDAQ,1091,1312717,1436701833,150563302,0.8719
010820,퍼스텍,KOSPI,6340,424381,2702783610,48771938,0.8701
129920,대성하이텍,KOSDAQ,7130,140944,1010627135,16248696,0.8674
469610,이노테크,KOSDAQ,16510,77419,1271120670,8942900,0.8657
491000,리브스메드,KOSDAQ,37900,217923,8274893450,25255271,0.8629
051780,큐로홀딩스,KOSDAQ,2385,65508,160070130,7600024,0.8619
008830,대동기어,KOSDAQ,6530,165259,1074970405,19181916,0.8615
054940,엑사이엔씨,KOSDAQ,3435,57084,196864608,6634709,0.8604
021080,에이티넘인베스트,KOSDAQ,2030,411320,848507171,48000000,0.8569
462350,이노스페이스,KOSDAQ,6340,289830,1885225690,33881572,0.8554
189860,서전기전,KOSDAQ,5100,82402,417344850,9698780,0.8496
007110,일신석재,KOSPI,2595,131262,332870022,15491322,0.8473
066575,LG전자우,KOSPI,80100,145432,11549905700,17181299,0.8465
161890,한국콜마,KOSPI,133600,199576,26904044750,23605077,0.8455
076610,해성옵틱스,KOSDAQ,1178,514018,604467116,60914031,0.8438
0164H0,한국제16호스팩,KOSDAQ,1945,56725,110834320,6750000,0.8404
125020,티씨머티리얼즈,KOSDAQ,6170,293770,1816029315,35038550,0.8384
319660,피에스케이,KOSDAQ,151700,241015,36254487900,28966714,0.832
020150,롯데에너지머티리얼즈,KOSPI,54000,435485,23420495400,52365463,0.8316
089790,제이티,KOSDAQ,6680,85779,576890760,10315513,0.8316
289080,SV인베스트먼트,KOSDAQ,2760,499646,1392139437,60138233,0.8308
172670,에이엘티,KOSDAQ,14660,74393,1111520045,8960259,0.8303
105840,우진,KOSPI,13460,167529,2267361690,20197670,0.8294
046120,오르비텍,KOSDAQ,5370,280806,1515276935,33855433,0.8294
468530,프로티나,KOSDAQ,50900,91812,4801212750,11105148,0.8268
377220,프롬바이오,KOSDAQ,1918,46484,87820879,5662000,0.821
162300,신스틸,KOSDAQ,2050,337483,701445367,41471382,0.8138
475250,하나33호스팩,KOSDAQ,2085,29936,62416685,3700000,0.8091
007610,선도전기,KOSPI,4365,145453,629207312,18000000,0.8081
307930,컴퍼니케이,KOSDAQ,6410,126030,838630380,15610000,0.8074
174900,앱클론,KOSDAQ,28300,160862,4543593625,19952129,0.8062
037350,성도이엔지,KOSDAQ,8480,122599,1048578170,15210000,0.806
214450,파마리서치,KOSDAQ GLOBAL,302500,83359,25252135250,10389648,0.8023
052900,KX하이텍,KOSDAQ,1236,615089,761278296,76668090,0.8023
323280,태성,KOSDAQ,61600,244398,15009310050,30537980,0.8003
113810,디젠스,KOSDAQ,3190,52179,166282895,6525610,0.7996
299660,셀리드,KOSDAQ,2360,235654,568147138,29502977,0.7987
014990,인디에프,KOSPI,3995,119646,472527704,15022599,0.7964
009620,삼보산업,KOSDAQ,4845,27773,137075215,3494609,0.7947
372910,한컴라이프케어,KOSPI,2125,219632,472990960,27674406,0.7936
086390,유니테스트,KOSDAQ,15260,167632,2552527570,21134126,0.7932
396470,워트,KOSDAQ,7350,127672,936103155,16120000,0.792
217820,원익피앤이,KOSDAQ,2510,375095,924946345,47454559,0.7904
142280,녹십자엠에스,KOSDAQ,3290,188552,624433963,23963031,0.7868
234690,녹십자웰빙,KOSDAQ,10840,140571,1541293750,17963290,0.7825
361390,제노코,KOSDAQ,13630,75933,1049866765,9736381,0.7799
089010,켐트로닉스,KOSDAQ,28700,130531,3742627050,16770027,0.7784
302430,이노메트리,KOSDAQ,8050,75312,600721700,9803208,0.7682
212560,네오오토,KOSDAQ,11010,103571,1154409455,13486348,0.768
472230,에스케이증권제11호스팩,KOSDAQ,2105,31844,67031620,4155000,0.7664
424980,마이크로투나노,KOSDAQ,10000,44842,455368730,5918890,0.7576
0004V0,엔비알모션,KOSDAQ,6250,83353,519545495,11010384,0.757
189330,씨이랩,KOSDAQ,10880,70890,777226285,9382284,0.7556
084010,대한제강,KOSPI,9190,258415,2401585905,34371596,0.7518
251970,펌텍코리아,KOSDAQ GLOBAL,62900,93018,5860899800,12400000,0.7501
062040,산일전기,KOSPI,231000,229772,53178464000,30642850,0.7498
086520,에코프로,KOSDAQ GLOBAL,95300,1016518,95225169400,135776152,0.7487
012200,계양전기,KOSPI,3145,264925,833511432,35422829,0.7479
048410,현대바이오,KOSDAQ,7080,718296,5161714450,96505572,0.7443
170920,엘티씨,KOSDAQ,43950,78453,3406869400,10564126,0.7426
448710,코츠테크놀로지,KOSDAQ,11410,39193,457044060,5285292,0.7415
153890,져스텍,KOSDAQ,9120,88944,821161615,12050305,0.7381
131030,옵투스제약,KOSDAQ,6580,130220,867739160,17646590,0.7379
060280,큐렉소,KOSDAQ,9000,304069,2754923520,41259790,0.737
083450,GST,KOSDAQ,56900,135460,7508727700,18430000,0.735
009150,삼성전기,KOSPI,1672000,548184,910715242500,74693696,0.7339
199730,바이오인프라,KOSDAQ,647,35691,23454277,4864367,0.7337
031980,피에스케이홀딩스,KOSDAQ,196800,158058,30602707150,21562395,0.733
402490,그린리소스,KOSDAQ,7980,124075,989674080,16935217,0.7326
347850,디앤디파마텍,KOSDAQ,44400,336712,14977829450,45996189,0.732
380550,뉴로핏,KOSDAQ,8050,89091,728593510,12198866,0.7303
252990,샘씨엔에스,KOSDAQ,19250,438030,8528280570,60217889,0.7274
290660,다이나믹솔루션,KOSDAQ,1292,310598,401444525,42837888,0.7251
128540,에코캡,KOSDAQ,1094,193475,218634284,26690460,0.7249
217190,제너셈,KOSDAQ,8260,95277,791521220,13153761,0.7243
431190,케이쓰리아이,KOSDAQ,4340,53967,243265615,7486442,0.7209
373170,엠아이큐브솔루션,KOSDAQ,1924,108937,207272524,15113790,0.7208
457190,이수스페셜티케미컬,KOSPI,84100,217116,18037681850,30218872,0.7185
440110,파두,KOSDAQ,86650,358534,30480014250,50111027,0.7155
126640,화신정공,KOSDAQ,3940,249844,983737332,35055910,0.7127
047040,대우건설,KOSPI,17720,2927176,52152588230,410907638,0.7124
002700,신일전자,KOSPI,1026,486184,495227697,68547521,0.7093
058730,다스코,KOSPI,3195,143296,460199205,20251251,0.7076
198440,강동씨앤엘,KOSDAQ,1475,428641,640953887,60931896,0.7035
052460,아이크래프트,KOSDAQ,6320,102399,654807640,14607936,0.701
092220,KEC,KOSPI,3255,281367,918745263,40152628,0.7007
003280,흥아해운,KOSPI,1814,1684681,3066712681,240424899,0.7007
179900,유티아이,KOSDAQ,2305,150631,350604340,21569319,0.6984
298020,효성티앤씨,KOSPI,289500,30213,8633838000,4327682,0.6981
005290,동진쎄미켐,KOSDAQ,51900,355145,18404158050,50970126,0.6968
210120,캔버스엔,KOSDAQ,1723,67534,115651254,9694991,0.6966
086450,동국제약,KOSDAQ GLOBAL,21700,314874,6910598250,45230420,0.6962
011330,유니켐,KOSPI,4125,69533,291812410,10018784,0.694
263800,데이타솔루션,KOSDAQ,4745,112481,538277850,16225380,0.6932
441270,파인엠텍,KOSDAQ,9530,291348,2751974460,42292525,0.6889
900120,씨엑스아이,KOSDAQ,4700,22907,113755160,3333932,0.6871
100090,SK오션플랜트,KOSPI,12370,428397,5246989280,62478129,0.6857
002680,한탑,KOSDAQ,3080,53143,171275080,7756030,0.6852
466100,클로봇,KOSDAQ,24050,211627,5107231475,30953739,0.6837
474170,루미르,KOSDAQ,7410,120363,890100740,17817696,0.6755
208640,썸에이지,KOSDAQ,698,93972,65977956,13924025,0.6749
005070,코스모신소재,KOSPI,46900,223293,10549680700,33214571,0.6723
073490,LIG아큐버,KOSDAQ,34500,50836,1761927150,7603846,0.6686
045300,성우테크론,KOSDAQ,3020,70403,212937586,10547012,0.6675
004090,한국석유,KOSPI,11830,84139,992645660,12694120,0.6628
336370,솔루스첨단소재,KOSPI,9430,465190,4351497825,70212298,0.6625
243840,신흥에스이씨,KOSDAQ,6110,255405,1545729090,38558235,0.6624
005010,휴스틸,KOSPI,4070,371316,1530158851,56188075,0.6608
033230,인성정보,KOSDAQ,1157,333324,388659055,50515380,0.6598
460860,동국제강,KOSPI,9840,327044,3281373285,49608017,0.6593
026940,부국철강,KOSPI,2100,130914,276825305,20000000,0.6546
032350,롯데관광개발,KOSPI,10970,521848,5584884615,79725458,0.6546
285800,진영,KOSDAQ,4255,23424,99173425,3593782,0.6518
399720,가온칩스,KOSDAQ,48050,77223,3709352400,11858844,0.6512
389030,지니너스,KOSDAQ,2110,255407,544490404,39392271,0.6484
454910,두산로보틱스,KOSPI,74850,419094,31506602250,64819980,0.6466
394420,리센스메디컬,KOSDAQ,8730,71115,625897130,10999701,0.6465
000150,두산,KOSPI,1459000,104511,152636689000,16193835,0.6454
393890,더블유씨피,KOSDAQ,10810,218241,2427168940,33843144,0.6449
009470,삼화전기,KOSPI,27600,42515,1175384825,6613820,0.6428
236200,슈프리마,KOSDAQ,59700,44702,2625136700,6974311,0.641
148780,비큐AI,KOSDAQ,4040,40260,164507670,6289145,0.6402
054210,이랜텍,KOSDAQ,7090,161539,1124392945,25291210,0.6387
254490,미래반도체,KOSDAQ,18990,92148,1756013990,14438000,0.6382
0220WL,한화머시너리앤서비스홀딩스3우B,KOSPI,2390,150741,356786222,23639140,0.6377
006360,GS건설,KOSPI,32950,543029,17977131675,85581490,0.6345
486990,노타,KOSDAQ,20550,135522,2784889375,21392430,0.6335
206400,베노티앤알,KOSDAQ,742,236340,172760973,37510158,0.6301
225590,패션플랫폼,KOSDAQ,2910,32169,93084021,5121376,0.6281
183300,코미코,KOSDAQ,33850,322152,10954334350,51363275,0.6272
159010,아스플로,KOSDAQ,34400,83264,2767169075,13334739,0.6244
017510,세명전기,KOSDAQ,7930,94929,753760515,15246000,0.6226
179530,애드바이오텍,KOSDAQ,2030,193043,406230195,31123920,0.6202
328130,루닛,KOSDAQ,11030,461568,5025634515,74458180,0.6199
011790,SKC,KOSPI,110800,306808,33712510800,49598298,0.6186
376900,로킷헬스케어,KOSDAQ,28450,107121,3106540775,17445290,0.614
200710,에이디테크놀로지,KOSDAQ,29350,82382,2428442625,13462007,0.612
214180,헥토이노베이션,KOSDAQ,14530,79434,1158395705,12993367,0.6113
456070,이엔셀,KOSDAQ,6090,67396,410385140,11029517,0.6111
011230,삼화전자,KOSPI,2690,116982,317176719,19165785,0.6104
003060,에이프로젠바이오로직스,KOSPI,1567,99146,155094010,16261203,0.6097
203450,유니온바이오메트릭스,KOSDAQ,2955,85497,251603410,14079007,0.6073
424870,이뮨온시아,KOSDAQ,3480,551939,1909788685,91402269,0.6039
001510,SK증권,KOSPI,2325,1390210,3295466856,231295085,0.6011
048470,대동스틸,KOSDAQ,2875,57926,166703030,9650000,0.6003
0156T0,에이치엘지노믹스,KOSDAQ,8250,46688,385750980,7782161,0.5999
103590,일진전기,KOSPI,87300,285027,24908353750,47685390,0.5977
294570,쿠콘,KOSDAQ,27325,60182,1647470950,10091732,0.5963
042500,링네트,KOSDAQ,4315,132208,576052530,22291144,0.5931
036810,에프에스티,KOSDAQ,36100,128237,4611115950,21649789,0.5923
242040,나무AX,KOSDAQ,3295,204551,676118822,34606264,0.5911
450080,에코프로머티,KOSPI,39650,417955,16426459075,70813870,0.5902
011500,한농화성,KOSPI,15100,92280,1386057980,15637042,0.5901
484590,삼양컴텍,KOSDAQ,7260,241855,1773551865,41210450,0.5869
462860,더즌,KOSDAQ,2920,420337,1234917512,71768103,0.5857
035460,기산텔레콤,KOSDAQ,2615,87304,228513121,14920340,0.5851
077500,유니퀘스트,KOSPI,10430,126155,1328915395,21600102,0.584
383930,디티앤씨알오,KOSDAQ,1922,74570,144569729,12784128,0.5833
331740,아우토크립트,KOSDAQ,7300,56401,404869015,9750991,0.5784
039830,오로라,KOSDAQ,14960,62148,943171500,10762890,0.5774
483350,딜리셔스,KOSDAQ,2720,128482,350889615,22285460,0.5765
462510,라메디텍,KOSDAQ,3585,50323,178421203,8802965,0.5717
250060,모비스,KOSDAQ,3205,183549,584322246,32171314,0.5705
0134X0,대신밸런스제20호스팩,KOSDAQ,1983,38439,76338350,6740000,0.5703
382840,원준,KOSDAQ,5500,87068,479311180,15271581,0.5701
059090,미코,KOSDAQ,23900,189778,4537740575,33416778,0.5679
195870,해성디에스,KOSPI,67400,96481,6459331550,17000000,0.5675
199430,케이엔알시스템,KOSDAQ,18250,63460,1145110160,11197043,0.5668
156100,엘앤케이바이오,KOSDAQ,6250,126376,778623040,22351153,0.5654
082740,한화엔진,KOSPI,46800,471379,22314507925,83447142,0.5649
066570,LG전자,KOSPI,232000,918631,211553399750,162884638,0.564
240550,동방메디컬,KOSDAQ,6430,117852,761600390,20933940,0.563
117730,티로보틱스,KOSDAQ,15180,126824,1915809275,22558043,0.5622
002870,신풍,KOSPI,1138,196332,228481544,34958700,0.5616
247540,에코프로비엠,KOSDAQ GLOBAL,127600,549174,68488727800,97830434,0.5614
232680,라온로보틱스,KOSDAQ,11120,74295,829139850,13257500,0.5604
0131D0,키움히어로제2호스팩,KOSDAQ,1966,35220,69710787,6310000,0.5582
049070,인탑스,KOSDAQ,19370,87614,1673550595,15742300,0.5566
030720,동원수산,KOSPI,4550,25898,118416922,4653805,0.5565
0082N0,카나프테라퓨틱스,KOSDAQ,12800,73876,965352030,13300580,0.5554
204320,HL만도,KOSPI,47200,259781,12286194050,46957120,0.5532
006400,삼성SDI,KOSPI,572000,442764,247254422000,80585530,0.5494
149950,아바텍,KOSDAQ,12600,74970,942200790,13667703,0.5485
066980,한성크린텍,KOSDAQ,1589,294944,462330501,53771203,0.5485
389260,대명에너지,KOSDAQ,13760,98034,1340566745,17916325,0.5472
900300,오가닉티코스메틱,KOSDAQ,2990,112182,332414079,20580097,0.5451
210980,SK디앤디,KOSPI,3220,101089,330834675,18617382,0.543
137400,피엔티,KOSDAQ GLOBAL,33200,128357,4260291400,23690728,0.5418
290720,푸드나무,KOSDAQ,3325,206046,667447757,38149273,0.5401
319400,현대무벡스,KOSDAQ,21000,600396,12676303800,111376039,0.5391
036200,유니셈,KOSDAQ,11050,164945,1803060060,30664223,0.5379
017860,DS단석,KOSPI,13110,94234,1219398665,17653634,0.5338
161000,애경케미칼,KOSPI,11190,259508,2897083460,48648709,0.5334
054220,비츠로시스,KOSDAQ,1727,67099,114263828,12590616,0.5329
474610,RF시스템즈,KOSDAQ,8520,76800,654760955,14415220,0.5328
307870,비투엔,KOSDAQ,1253,394762,489592872,74299285,0.5313
007460,에이프로젠,KOSPI,2190,136002,292015365,25650015,0.5302
446840,지슨,KOSDAQ,3695,58318,217899435,11016616,0.5294
104830,원익머트리얼즈,KOSDAQ,42350,66497,2778531525,12608000,0.5274
092070,디엔에프,KOSDAQ,15090,60955,917965280,11571858,0.5268
039440,에스티아이,KOSDAQ,25450,81372,2083767725,15507047,0.5247
389470,인벤티지랩,KOSDAQ,27150,69817,1916300250,13307708,0.5246
120110,코오롱인더,KOSPI,58700,157066,9189828500,29946032,0.5245
060230,제이케이시냅스,KOSDAQ,1389,102009,137273976,19545218,0.5219
005745,크라운해태홀딩스우,KOSPI,4955,3127,15733360,600726,0.5205
037440,희림,KOSDAQ,4080,72300,295193165,13922475,0.5193
009155,삼성전기우,KOSPI,540000,15060,8121228500,2906984,0.5181
475430,키스트론,KOSDAQ,4430,92412,411255770,17848110,0.5178
365330,에스와이스틸텍,KOSDAQ,1654,258914,429576896,50171000,0.5161
272210,한화시스템,KOSPI,82200,974440,80615203850,188919389,0.5158
464080,에스오에스랩,KOSDAQ,10920,92807,1002640415,18013569,0.5152
388210,씨엠티엑스,KOSDAQ,94300,49563,4613509500,9654438,0.5134
494120,큐리오시스,KOSDAQ,10440,78186,814818920,15259764,0.5124
306620,지아이에스,KOSDAQ,2215,245405,544725555,47942184,0.5119
004255,NPC우,KOSPI,1881,26966,51273050,5280000,0.5107
475240,하나32호스팩,KOSDAQ,2092,16304,34078280,3200000,0.5095
344860,이노진,KOSDAQ,1290,76447,97788712,15030000,0.5086
014910,성문전자,KOSPI,1981,111071,220488873,21857257,0.5082
377030,비트맥스,KOSDAQ,2380,72605,167585344,14291702,0.508
474660,신한제12호스팩,KOSDAQ,2085,28019,58419915,5520000,0.5076
006405,삼성SDI우,KOSPI,223500,8174,1792834000,1617896,0.5052
066430,아이로보틱스,KOSDAQ,2065,197807,408258768,39153476,0.5052
0072Z0,KB제33호스팩,KOSDAQ,1984,39721,78747311,7885000,0.5038
257720,실리콘투,KOSDAQ,36100,329566,12019673925,65576252,0.5026
453860,에이에스텍,KOSDAQ,7090,32353,231793775,6444423,0.502
146320,비씨엔씨,KOSDAQ,12120,64159,776556710,12797923,0.5013
059100,아이컴포넌트,KOSDAQ,6600,35285,231207350,7070860,0.499
166090,하나머티리얼즈,KOSDAQ,65500,98245,6337577100,19777674,0.4967
396270,넥스트칩,KOSDAQ,2440,163119,400151365,32887431,0.496
054540,삼영엠텍,KOSDAQ,7170,64478,459348930,13000000,0.496
003720,삼영,KOSPI,6540,168529,1102199200,34000000,0.4957
011090,에넥스,KOSPI,1299,58676,76882246,11857054,0.4949
042600,새로닉스,KOSDAQ,12070,61245,710753180,12423574,0.493
001380,SG글로벌,KOSPI,1112,110678,125433012,22482071,0.4923
074600,원익QnC,KOSDAQ,32850,129052,4243858900,26288000,0.4909
053950,경남제약,KOSDAQ,2030,96258,196468693,19619649,0.4906
0096B0,삼성스팩12호,KOSDAQ,1989,32282,64208986,6580000,0.4906
011690,와이투솔루션,KOSPI,3790,180008,684138118,36698762,0.4905
041460,한국전자인증,KOSDAQ,3445,90301,310512785,18430109,0.49
355690,에이텀,KOSDAQ,5490,46347,253685650,9570389,0.4843
035510,신세계 I&C,KOSPI,15770,67554,1054742550,13980900,0.4832
091340,S&K폴리텍,KOSDAQ,2765,56356,153347580,11703721,0.4815
483650,달바글로벌,KOSPI,178600,59991,10795279800,12527165,0.4789
420770,기가비스,KOSDAQ,135100,60589,8237587750,12675758,0.478
131290,티에스이,KOSDAQ,303500,52862,15668686000,11061429,0.4779
045390,대아티아이,KOSDAQ,3055,336441,1025911195,70473377,0.4774
136540,윈스테크넷,KOSDAQ,11180,58563,658252400,12279746,0.4769
212710,아이에스티이,KOSDAQ,7500,46320,344474730,9714978,0.4768
207760,미스터블루,KOSDAQ,2150,78901,171122350,16615956,0.4749
322180,LS티라유텍,KOSDAQ,4545,101989,468533244,21496106,0.4745
309930,조이웍스앤코,KOSDAQ,956,91162,85176068,19255889,0.4734
014280,금강공업,KOSPI,4560,138633,638606245,29329357,0.4727
033100,제룡전기,KOSDAQ GLOBAL,50200,75638,3779696900,16062409,0.4709
253840,수젠텍,KOSDAQ,4570,78556,358419370,16743200,0.4692
064400,LG씨엔에스,KOSPI,72900,451918,33278951550,96885948,0.4664
049630,재영솔루텍,KOSDAQ,7420,108822,803909670,23365139,0.4657
036010,아비코전자,KOSDAQ,8320,61823,519149620,13292934,0.4651
220260,켐트로스,KOSDAQ,4755,147861,710460167,32072055,0.461
083500,에프엔에스테크,KOSDAQ,14410,38148,554126875,8306377,0.4593
052690,한전기술,KOSPI,127700,175123,22177842550,38220000,0.4582
084695,대상홀딩스우,KOSPI,13890,4181,58620520,913482,0.4577
223250,드림씨아이에스,KOSDAQ,3680,112471,416140474,24600444,0.4572
227950,엔투텍,KOSDAQ,1299,157635,207622032,34508209,0.4568
041960,코미팜,KOSDAQ,10510,340807,3502179600,74618201,0.4567
018000,유니슨,KOSDAQ,1187,1329457,1572818154,291912077,0.4554
078340,컴투스,KOSDAQ GLOBAL,37450,54550,2048506325,12091313,0.4512
024740,한일단조,KOSDAQ,2175,148356,324735530,32897049,0.451
445680,큐리옥스바이오시스템즈,KOSDAQ,61600,77304,4748642100,17224699,0.4488
304100,솔트룩스,KOSDAQ,15530,56242,876646350,12593855,0.4466
336570,원텍,KOSDAQ,5160,397186,2045903515,89280646,0.4449
486630,KB제30호스팩,KOSDAQ,2050,23584,48341449,5310000,0.4441
083650,비에이치아이,KOSDAQ,58200,137289,8020518550,30944375,0.4437
024890,대원화성,KOSPI,1386,36536,50837275,8249830,0.4429
064550,바이오니아,KOSDAQ,8810,113731,995061910,25810291,0.4406
389680,유디엠텍,KOSDAQ,2900,36606,107693255,8320693,0.4399
005880,대한해운,KOSPI,2045,1418310,2926259197,322747340,0.4394
009290,광동제약,KOSPI,6750,218618,1478377200,49799808,0.439
0120G0,삼양바이오팜,KOSPI,49500,32618,1614168000,7435870,0.4387
020000,한섬,KOSPI,21400,94102,2016698000,21476994,0.4382
003310,대주산업,KOSDAQ,1681,154995,263139619,35392350,0.4379
006730,서부T&D,KOSDAQ GLOBAL,11580,279796,3211090260,64276923,0.4353
373110,엑셀세라퓨틱스,KOSDAQ,1040,75063,76763766,17294394,0.434
388870,파로스아이바이오,KOSDAQ,6160,56109,351688340,12945932,0.4334
082920,비츠로셀,KOSDAQ GLOBAL,30100,195622,5821825600,45139477,0.4334
373200,엑스플러스,KOSDAQ,1857,108390,212449780,25043237,0.4328
248070,솔루엠,KOSPI,16820,206401,3459572240,47816236,0.4317
192820,코스맥스,KOSPI,266000,48890,13192122000,11349509,0.4308
039030,이오테크닉스,KOSDAQ,542000,53029,28416832000,12319550,0.4304
036830,솔브레인홀딩스,KOSDAQ GLOBAL,49200,88239,4300923075,20503981,0.4304
405100,큐알티,KOSDAQ,16790,52783,896482595,12289301,0.4295
092200,디아이씨,KOSPI,5840,166800,976612060,38888569,0.4289
382900,범한퓨얼셀,KOSDAQ,24850,37560,928708500,8761000,0.4287
041920,메디아나,KOSDAQ,10270,79512,803038935,18598223,0.4275
063160,종근당바이오,KOSPI,13530,23448,314678405,5485962,0.4274
061970,LB세미콘,KOSDAQ,4850,299113,1459829073,70083006,0.4268
032790,엠젠솔루션,KOSDAQ,1223,109271,134516363,25680106,0.4255
124500,아이티센글로벌,KOSDAQ,29850,98700,2951000150,23204527,0.4253
311320,지오엘리먼트,KOSDAQ,9190,53652,483261320,12614560,0.4253
048830,엔피케이,KOSDAQ,1024,79480,82016659,18723923,0.4245
021050,서원,KOSPI,1142,201411,230502598,47474590,0.4243
004490,세방전지,KOSPI,64300,58681,3727053950,13860000,0.4234
048550,SM C&C,KOSDAQ,1044,409294,431108869,96714620,0.4232
087010,펩트론,KOSDAQ,130600,98556,12863634550,23317350,0.4227
452430,사피엔반도체,KOSDAQ,36300,34887,1276852475,8255421,0.4226
298830,슈어소프트테크,KOSDAQ,4470,225907,1014986224,53458499,0.4226
347860,알체라,KOSDAQ,1704,176712,298670691,42153647,0.4192
005090,SGC에너지,KOSPI,47200,60158,2901009900,14409333,0.4175
256940,킵스파마,KOSDAQ,7400,83714,626853675,20078147,0.4169
484810,티엑스알로보틱스,KOSDAQ,12350,64416,793551100,15450915,0.4169
217330,싸이토젠,KOSDAQ,3135,96426,306931598,23129547,0.4169
950220,네오이뮨텍,KOSDAQ,1982,142516,285720780,34211840,0.4166
006200,한국전자홀딩스,KOSPI,1687,38942,64587158,9360627,0.416
001360,삼성제약,KOSPI,1463,391554,572433042,94162079,0.4158
455180,케이지에이,KOSDAQ,1290,61139,78535701,14708935,0.4157
100660,서암기계공업,KOSDAQ,3320,52117,172311135,12600000,0.4136
011560,세보엠이씨,KOSDAQ,24250,41658,1033740650,10084872,0.4131
003680,한성기업,KOSPI,4420,25591,113096915,6209515,0.4121
036090,위지트,KOSDAQ,1418,175138,248115646,42550514,0.4116
042520,한스바이오메드,KOSDAQ,22150,58533,1278756900,14261367,0.4104
299030,하나기술,KOSDAQ,16240,32764,531543900,7994910,0.4098
001000,신라섬유,KOSDAQ,1746,19898,34974852,4855508,0.4098
013990,아가방컴퍼니,KOSDAQ,5280,134684,708805135,32887536,0.4095
038680,에스넷,KOSDAQ,3930,81543,321489580,19912642,0.4095
002900,TYM,KOSPI,6510,169478,1107834765,41400000,0.4094
361610,SK아이이테크놀로지,KOSPI,17770,334564,5837953530,81787100,0.4091
315640,딥노이드,KOSDAQ,2210,120111,265172360,29372232,0.4089
147830,제룡산업,KOSDAQ,7360,81724,601110540,20000000,0.4086
023160,태광,KOSDAQ GLOBAL,27050,105416,2872250225,25867242,0.4075
448900,한국피아이엠,KOSDAQ,57500,24717,1422809750,6074457,0.4069
028670,팬오션,KOSPI,6020,2174938,13119952340,534569512,0.4069
067000,조이시티,KOSDAQ,1195,284369,341958773,69903446,0.4068
366030,나인앤컴퍼니,KOSDAQ,4670,91955,425192017,22653850,0.4059
002360,SH에너지화학,KOSPI,3360,45089,150232870,11113373,0.4057
290560,파라택시스이더리움,KOSDAQ,1300,90613,117801107,22362730,0.4052
459510,나우로보틱스,KOSDAQ,16150,52478,842467115,12978382,0.4043
095340,ISC,KOSDAQ,206500,85441,17624634250,21197058,0.4031
140410,메지온,KOSDAQ,68200,123320,8286972950,30621674,0.4027
278470,에이피알,KOSPI,358500,150534,54739490750,37438155,0.4021
088280,쏘닉스,KOSDAQ,3265,69502,227115325,17306490,0.4016
187790,나노,KOSDAQ,3125,123419,394702603,30840830,0.4002
084670,동양고속,KOSPI,22400,11568,263252425,2895569,0.3995
014620,성광벤드,KOSDAQ GLOBAL,30050,105967,3187479600,26557364,0.399
336260,두산퓨얼셀,KOSPI,45850,261282,11985269975,65493726,0.3989
450330,하스,KOSDAQ,5100,32626,171662640,8186843,0.3985
364950,에이아이코리아,KOSDAQ,3870,32867,127664845,8296445,0.3962
288180,케이피항공산업,KOSDAQ,7750,29217,230022170,7393262,0.3952
010955,S-Oil우,KOSPI,88300,15859,1372661100,4021927,0.3943
255440,야스,KOSDAQ,8530,51249,438588525,13058000,0.3925
028050,삼성E&A,KOSPI,47900,768722,36876029350,196000000,0.3922
298380,에이비엘바이오,KOSDAQ GLOBAL,52100,219541,11574167700,55987463,0.3921
084370,유진테크,KOSDAQ,183200,89587,16245046100,22916042,0.3909
318060,그래피,KOSDAQ,16010,43665,704337770,11194377,0.3901
027740,마니커,KOSPI,1103,123647,137608866,31755614,0.3894
036640,HRS,KOSDAQ,4970,63576,315296147,16354800,0.3887
141080,리가켐바이오,KOSDAQ GLOBAL,83500,143825,12123245700,37019418,0.3885
014100,메디앙스,KOSDAQ,1511,45676,68853888,11800000,0.3871
377480,마음AI,KOSDAQ,10370,27440,283095615,7110275,0.3859
475040,스트라드비젼,KOSDAQ,2995,207710,623732400,53825322,0.3859
464490,쿼드메디슨,KOSDAQ,5170,44290,228340255,11507963,0.3849
463020,뉴엔AI,KOSDAQ,6830,34579,239313270,8987200,0.3848
032500,케이엠더블유,KOSDAQ,20750,162089,3366459025,42191701,0.3842
042940,상지건설,KOSDAQ,5220,26114,137286860,6828712,0.3824
321260,프로이천,KOSDAQ,1800,107569,194667380,28192084,0.3816
131090,시큐브,KOSDAQ,4350,29142,127487925,7658221,0.3805
004020,현대제철,KOSPI,29850,505335,15221037100,133445785,0.3787
071970,HD현대마린엔진,KOSPI,47250,128068,6122066125,33921495,0.3775
086820,바이오솔루션,KOSDAQ,6720,97730,641642715,25924085,0.377
024880,케이피에프,KOSDAQ,3920,75145,296027349,19941624,0.3768
051915,LG화학우,KOSPI,120500,28948,3418004350,7682759,0.3768
086670,비엠티,KOSDAQ,19360,37336,709938010,9925885,0.3761
002200,한국수출포장,KOSPI,2725,125893,347581830,33499941,0.3758
056190,SFA,KOSDAQ GLOBAL,31850,134579,4226109175,35908760,0.3748
294630,서남,KOSDAQ,3125,99030,311483247,26499179,0.3737
039860,나노엔텍,KOSDAQ,4615,141980,652842278,38093053,0.3727
120115,코오롱인더우,KOSPI,25600,10274,262408800,2767860,0.3712
094480,갤럭시아머니트리,KOSDAQ,5890,145540,862217305,39229838,0.371
005420,코스모화학,KOSPI,11730,142164,1660257230,38408228,0.3701
0041J0,엘에스스팩1호,KOSDAQ,1992,15212,30354624,4110000,0.3701
475230,엔알비,KOSDAQ,9780,40305,395314015,10898683,0.3698
154040,다산솔루에타,KOSDAQ,9830,7985,76248005,2161561,0.3694
053350,이니텍,KOSDAQ,4810,80961,383713212,22021065,0.3677
000500,가온전선,KOSPI,326500,109381,35814302000,29777607,0.3673
237690,에스티팜,KOSDAQ GLOBAL,96300,76641,7328062700,20876638,0.3671
445180,퓨릿,KOSDAQ,9950,62875,630656445,17189188,0.3658
114190,강원에너지,KOSDAQ,9100,95073,860907775,26123038,0.3639
289930,웨이비스,KOSDAQ,8470,47715,403848735,13149010,0.3629
010640,진양폴리,KOSPI,1981,60490,120951123,16700000,0.3622
109080,옵티시스,KOSDAQ,9890,20342,200696480,5636000,0.3609
331920,셀레믹스,KOSDAQ,10110,40344,416552730,11181555,0.3608
126700,하이비젼시스템,KOSDAQ,11920,53769,638339030,14942112,0.3598
439090,마녀공장,KOSDAQ,15660,58755,917648865,16393260,0.3584
317830,에스피시스템스,KOSDAQ,5060,38607,194249185,10773818,0.3583
489500,엘케이켐,KOSDAQ,23850,22900,549470650,6391238,0.3583
455900,엔젤로보틱스,KOSDAQ,22450,55129,1233235600,15392981,0.3581
081580,성우전자,KOSDAQ,2435,55413,134348080,15508143,0.3573
003780,진양산업,KOSPI,4050,46392,187853260,13000000,0.3569
102710,이엔에프테크놀로지,KOSDAQ,49500,50952,2498899850,14287836,0.3566
110990,디아이티,KOSDAQ,19300,67364,1301056070,18900000,0.3564
047310,파워로직스,KOSDAQ,3330,130299,433146452,36610755,0.3559
317330,덕산테코피아,KOSDAQ,13490,72801,971070420,20476584,0.3555
376300,디어유,KOSDAQ,18690,84343,1600448525,23738406,0.3553
053610,프로텍,KOSDAQ,85800,31977,2743913200,9000000,0.3553
027830,대성창투,KOSDAQ,730,191847,137546363,54000000,0.3553
031820,아이티센씨티에스,KOSPI,5840,42969,253142380,12105146,0.355
261520,이지스,KOSDAQ,5550,36467,199882545,10277800,0.3548
493330,지에프아이,KOSDAQ,13040,28495,369659985,8039513,0.3544
010690,화신,KOSPI,7740,123686,960933680,34920410,0.3542
145720,덴티움,KOSPI,39750,30522,1216949200,8623891,0.3539
35320K,대덕전자1우,KOSPI,28700,7378,211621500,2095519,0.3521
052790,액토즈소프트,KOSDAQ,4765,38446,182502295,10924547,0.3519
053080,케이엔솔,KOSDAQ,9600,45679,439925585,12999807,0.3514
127120,제이에스링크,KOSDAQ,30150,130795,3902400575,37292957,0.3507
016920,카스,KOSDAQ,1020,90020,89991809,25698732,0.3503
036170,에이치엠넥스,KOSDAQ,3090,214893,660187127,61365626,0.3502
130660,한전산업,KOSPI,12350,113900,1405105585,32600000,0.3494
053690,한미글로벌,KOSPI,20700,38182,788568750,10957550,0.3485
058430,포스코스틸리온,KOSPI,4620,208442,972538626,60000000,0.3474
191410,육일씨엔에쓰,KOSDAQ,1720,53796,92045562,15510172,0.3468
214430,아이쓰리시스템,KOSDAQ,78600,25321,2008164300,7307215,0.3465
264660,씨앤지하이테크,KOSDAQ,15220,33592,509555670,9721172,0.3456
376930,노을,KOSDAQ,1421,35376,50483002,10258264,0.3449
000520,삼일제약,KOSPI,8640,74722,644952015,21691811,0.3445
100120,뷰웍스,KOSDAQ,29850,30876,918880700,8971411,0.3442
420570,제이투케이바이오,KOSDAQ,9120,20074,185040570,5847483,0.3433
050760,에스폴리텍,KOSDAQ,1223,55800,68181733,16334678,0.3416
042700,한미반도체,KOSPI,275500,325444,90110383500,95312200,0.3415
155650,와이엠씨,KOSDAQ,3775,64680,245278785,18974358,0.3409
035200,프럼파스트,KOSDAQ,2525,31407,79243020,9219981,0.3406
005870,휴니드,KOSPI,4515,47477,214710600,14116015,0.3363
024900,디와이덕양,KOSPI,2220,109428,245876890,32564980,0.336
044490,태웅,KOSDAQ,37250,67084,2511381975,20007381,0.3353
001525,동양우,KOSPI,8140,880,7183340,262615,0.3351
474650,링크솔루션,KOSDAQ,28950,19223,557865700,5753282,0.3341
006345,대원전선우,KOSPI,9860,8753,86560650,2621200,0.3339
009835,한화솔루션우,KOSPI,19100,8489,161195520,2544616,0.3336
119830,아이텍,KOSDAQ,6360,88358,573383255,26538536,0.3329
333620,엔시스,KOSDAQ,5220,36566,187892830,10997910,0.3325
142760,모아라이프플러스,KOSDAQ,482,69730,33510439,21083490,0.3307
398120,에스지헬스케어,KOSDAQ,2180,39033,85305930,11841511,0.3296
246960,SCL사이언스,KOSDAQ,2800,111983,303684765,34017047,0.3292
394280,오픈엣지테크놀로지,KOSDAQ,10570,86536,908984890,26346530,0.3285
199820,제일일렉트릭,KOSDAQ,7970,72864,581907115,22220000,0.3279
310210,보로노이,KOSDAQ,153900,60931,9346717650,18616563,0.3273
375500,DL이앤씨,KOSPI,74100,126473,9444631600,38693623,0.3269
002780,진흥기업,KOSPI,6530,47342,312944545,14547174,0.3254
171090,선익시스템,KOSDAQ,76000,32920,2496313850,10127626,0.3251
009420,한올바이오파마,KOSPI,47900,169484,8089586600,52240638,0.3244
018470,조일알미늄,KOSPI,5320,82106,435134480,25326344,0.3242
140670,알에스오토메이션,KOSDAQ,10770,41495,445124990,12839840,0.3232
293490,카카오게임즈,KOSDAQ GLOBAL,10030,344815,3492267660,106745265,0.323
310870,디와이씨,KOSDAQ,1554,70337,108157764,21922602,0.3208
418420,라온텍,KOSDAQ,4135,98587,415311701,30774558,0.3204
475400,씨메스로보틱스,KOSDAQ,19210,37762,725312745,11806894,0.3198
293780,압타바이오,KOSDAQ,8040,89794,726394840,28093405,0.3196
011700,한신기계,KOSPI,2560,103690,266160523,32446151,0.3196
277810,레인보우로보틱스,KOSDAQ,464500,61941,28693773000,19399858,0.3193
365340,성일하이텍,KOSDAQ,38850,41193,1604649525,12921115,0.3188
402340,SK스퀘어,KOSPI,1147000,420349,493615745500,131923998,0.3186
228850,레이언스,KOSDAQ,8130,52760,436769155,16591014,0.318
249420,일동제약,KOSPI,14640,100524,1484467310,31638252,0.3177
094820,일진파워,KOSDAQ,12230,47705,582861795,15078709,0.3164
078890,가온그룹,KOSDAQ,4695,58289,271756385,18424943,0.3164
0013V0,삼진식품,KOSDAQ,5350,31323,170787310,9918656,0.3158
307180,아이엘,KOSDAQ,5800,116376,674659720,36915676,0.3152
041440,현대에버다임,KOSDAQ,6570,56208,369579935,17841712,0.315
044340,위닉스,KOSDAQ,2765,55876,157488182,17873425,0.3126
002720,국제약품,KOSPI,3345,66092,221286840,21159832,0.3123
900290,GRT,KOSDAQ,3315,288922,971492615,92751685,0.3115
348080,큐라티스,KOSDAQ,3770,39929,151517465,12827753,0.3113
102940,코오롱생명과학,KOSDAQ,14490,40712,595401505,13090603,0.311
353810,이지바이오,KOSDAQ,5900,102859,610943760,33081920,0.3109
445090,에이직랜드,KOSDAQ,23000,33906,783447725,10925658,0.3103
140860,파크시스템스,KOSDAQ GLOBAL,306000,21710,6471076000,7002469,0.31
206560,덱스터,KOSDAQ,895,78734,70725818,25411736,0.3098
005389,현대차3우B,KOSPI,174500,7189,1255011450,2321926,0.3096
044450,KSS해운,KOSPI,11910,69801,829804360,22577525,0.3092
109070,주성코퍼레이션,KOSPI,7120,32650,237099795,10562046,0.3091
014680,한솔케미칼,KOSPI,276500,33358,9240456000,10794036,0.309
006650,대한유화,KOSPI,92500,20065,1844334750,6500000,0.3087
017890,한국알콜,KOSDAQ,15950,63667,1004239185,20673506,0.308
128940,한미약품,KOSPI,499000,39390,19882507500,12810991,0.3075
229640,LS에코에너지,KOSPI,66300,93938,6198846800,30624879,0.3067
007980,TP,KOSPI,1756,143851,254326704,46897350,0.3067
032850,비트컴퓨터,KOSDAQ,4085,50878,210640025,16623293,0.3061
317850,대모,KOSDAQ,6190,25452,157533170,8324420,0.3058
432470,케이엔에스,KOSDAQ,10540,26799,280323080,8771556,0.3055
226400,오스테오닉,KOSDAQ,4205,63036,267072152,20661601,0.3051
101360,에코앤드림,KOSDAQ,8990,54200,484193725,17786114,0.3047
078160,메디포스트,KOSDAQ,10250,118904,1196456070,39204603,0.3033
098070,한텍,KOSDAQ,23350,33715,793347375,11121141,0.3032
045100,한양이엔지,KOSDAQ,34250,53046,1844813750,17500000,0.3031
251120,바이오에프디엔씨,KOSDAQ,9890,26298,266145020,8695700,0.3024
267270,HD건설기계,KOSPI,116400,143563,16888332350,47497386,0.3023
416180,신성에스티,KOSDAQ,27350,27139,735606825,9039778,0.3002
272290,이녹스첨단소재,KOSDAQ GLOBAL,22800,59837,1366705875,19937509,0.3001
446070,유니드비티플러스,KOSPI,3980,31775,125137355,10611215,0.2994
298000,효성화학,KOSPI,52700,11354,603556800,3791811,0.2994
008250,이건산업,KOSPI,3230,32773,104566198,10952635,0.2992
303360,프로티아,KOSDAQ,5970,38479,231216100,12879715,0.2988
003570,SNT다이내믹스,KOSPI,30800,99338,3125533700,33252697,0.2987
006490,프리티,KOSPI,1480,52970,77786458,17746333,0.2985
096770,SK이노베이션,KOSPI,154500,503239,76311008800,169052788,0.2977
006260,LS,KOSPI,295750,92848,27628506000,31200000,0.2976
073010,케이에스피,KOSDAQ,3225,119401,388399505,40191250,0.2971
034220,LG디스플레이,KOSPI,8610,1484819,12775613715,500000000,0.297
484870,엠앤씨솔루션,KOSPI,18870,81472,1516805510,27461700,0.2967
008060,대덕,KOSPI,16520,92777,1532197490,31287098,0.2965
003230,삼양식품,KOSPI,1186000,22332,26720161000,7533015,0.2965
489790,한화비전,KOSPI,51100,149614,7684347000,50488390,0.2963
452260,한화갤러리아,KOSPI,2610,573822,1507395910,193859610,0.296
033540,파라텍,KOSDAQ,2675,30848,82320555,10449266,0.2952
378800,샤페론,KOSDAQ,2650,27217,72027852,9248606,0.2943
065130,탑엔지니어링,KOSDAQ,3145,47037,145700950,16004000,0.2939
005860,한일사료,KOSDAQ,2315,115651,270049869,39403685,0.2935
310200,애니플러스,KOSDAQ,2205,153068,338881380,52162836,0.2934
0129K0,신한제18호스팩,KOSDAQ,1972,16469,32613668,5620000,0.293
039980,폴라리스AI,KOSDAQ,5180,42043,217674190,14381214,0.2923
408470,한패스,KOSDAQ,4635,30819,144353590,10572000,0.2915
000720,현대건설,KOSPI,113600,324480,37037492100,111355765,0.2914
078590,휴림에이텍,KOSDAQ,2770,29062,80925698,9988331,0.291
950200,소마젠,KOSDAQ,2985,55879,169989570,19236053,0.2905
094360,칩스앤미디어,KOSDAQ,12870,62017,796445325,21355274,0.2904
145020,휴젤,KOSDAQ,180000,36323,6551701650,12515173,0.2902
046890,서울반도체,KOSDAQ GLOBAL,10900,169208,1849424005,58305400,0.2902
000850,화천기공,KOSPI,36800,6342,233403500,2200000,0.2883
215100,로보로보,KOSDAQ,4275,58643,250553229,20348454,0.2882
079550,LIG디펜스앤에어로스페이스,KOSPI,710000,63222,46022635000,22000000,0.2874
226590,엠디바이스,KOSDAQ,15070,30706,465113600,10716784,0.2865
338100,NH프라임리츠,KOSPI,3810,53426,204836817,18660000,0.2863
237880,클리오,KOSDAQ,11800,51619,613133435,18071353,0.2856
458870,씨어스,KOSDAQ,26650,109459,2936202100,38345362,0.2855
241520,DSC인베스트먼트,KOSDAQ,8490,75819,649416015,26600000,0.285
060250,NHN KCP,KOSDAQ,13780,114467,1581143840,40160611,0.285
099430,바이오플러스,KOSDAQ,3805,175626,661967248,61640722,0.2849
014915,성문전자우,KOSPI,4820,1709,8240945,600000,0.2848
038460,바이오스마트,KOSDAQ,2880,71982,209567555,25274542,0.2848
033320,제이씨현시스템,KOSDAQ,3210,54330,174383225,19114432,0.2842
095500,미래나노텍,KOSDAQ,7200,87890,631334770,31009999,0.2834
007540,샘표,KOSPI,46350,5696,263551650,2015468,0.2826
177350,베셀,KOSDAQ,1345,28017,37861514,9915851,0.2825
046940,우원개발,KOSDAQ,2720,51043,139169975,18074350,0.2824
091440,한울소재과학,KOSDAQ,2735,104263,287414560,36952332,0.2822
053700,삼보모터스,KOSDAQ,4035,75286,304249066,26715757,0.2818
300120,라온피플,KOSDAQ,3015,27874,84584785,9900803,0.2815
038110,에코플라스틱,KOSDAQ,2055,115733,237777740,41169370,0.2811
009900,명신산업,KOSPI,8660,147451,1277347645,52470133,0.281
003670,포스코퓨처엠,KOSPI,197100,249371,48526810800,88946220,0.2804
071670,에이테크솔루션,KOSDAQ,5470,27985,153655290,10000000,0.2799
067080,대화제약,KOSDAQ,11960,51933,616082250,18616650,0.279
121890,에스디시스템,KOSDAQ,2850,37069,105451695,13291446,0.2789
004170,신세계,KOSPI,323000,26321,8555020250,9445181,0.2787
092190,서울바이오시스,KOSDAQ,8500,127755,1105512400,45868383,0.2785
088130,동아엘텍,KOSDAQ,5800,48695,280877850,17485314,0.2785
012030,DB,KOSPI,2080,559631,1151866275,201173933,0.2782
065350,신성델타테크,KOSDAQ,33650,76333,2573353975,27483948,0.2777
103140,풍산,KOSPI,77200,77774,6071566500,28024278,0.2775
330350,위더스제약,KOSDAQ,7120,36592,263136365,13199680,0.2772
001420,태원물산,KOSPI,3040,21054,62862230,7600000,0.277
215600,신라젠,KOSDAQ,2350,383251,902418142,138553564,0.2766
041020,폴라리스오피스,KOSDAQ,3235,137396,444069435,49683793,0.2765
035900,JYP Ent.,KOSDAQ GLOBAL,38050,97894,3735509150,35532492,0.2755
001550,조비,KOSPI,10100,14262,144547580,5192239,0.2747
064760,티씨케이,KOSDAQ GLOBAL,295000,30626,9000258250,11179416,0.2739
403850,더핑크퐁컴퍼니,KOSDAQ,12540,39261,490392820,14351010,0.2736
195940,HK이노엔,KOSDAQ GLOBAL,41300,77472,3183657175,28329891,0.2735
039200,오스코텍,KOSDAQ,38700,104448,3963409425,38258176,0.273
003490,대한항공,KOSPI,30600,1003767,30716060600,368220609,0.2726
054450,텔레칩스,KOSDAQ,10490,41263,433992620,15144233,0.2725
004830,덕성,KOSPI,3400,42609,143860644,15680000,0.2717
371950,풍원정밀,KOSDAQ,2995,64014,196562542,23565010,0.2716
217500,러셀,KOSDAQ,1629,86374,140826920,31812000,0.2715
039840,디오,KOSDAQ,9950,36349,363962870,13415828,0.2709
013700,까뮤이앤씨,KOSPI,1510,161353,246125066,59750830,0.27
100030,인지소프트,KOSDAQ,18940,8819,166473970,3283714,0.2686
297090,씨에스베어링,KOSDAQ,5060,73193,371055140,27270000,0.2684
304360,에스바이오메딕스,KOSDAQ,22750,33489,756546950,12481128,0.2683
306200,세아제강,KOSPI,155200,7593,1184175500,2836300,0.2677
047400,유니온머티리얼,KOSPI,895,112340,99975077,42000000,0.2675
387570,파인메딕스,KOSDAQ,6160,15042,94978250,5625900,0.2674
060310,3S,KOSDAQ,1202,141818,168401267,53059040,0.2673
096530,씨젠,KOSDAQ GLOBAL,37200,124818,4626369925,46734402,0.2671
235980,메드팩토,KOSDAQ,2970,91376,278471735,34275121,0.2666
084990,헬릭스미스,KOSDAQ,3770,122680,457165954,46092797,0.2662
038530,케이바이오랩스,KOSDAQ,3950,13764,54196390,5178024,0.2658
045970,코아시아,KOSDAQ,3900,69682,272954043,26314876,0.2648
323990,박셀바이오,KOSDAQ,4380,61561,268235550,23257345,0.2647
018670,SK가스,KOSPI,254000,24496,6230579500,9269244,0.2643
003535,한화투자증권우,KOSPI,6490,12650,82548840,4800000,0.2635
002070,비비안,KOSPI,3795,12638,47531795,4801800,0.2632
084680,이월드,KOSPI,2195,74591,167447015,28361238,0.263
358570,지아이이노베이션,KOSDAQ,8960,168971,1546426035,64516006,0.2619
478560,블랙야크아이앤씨,KOSDAQ,3430,67325,231423208,25830298,0.2606
166480,코아스템켐온,KOSDAQ,2360,137748,325682209,52870376,0.2605
378340,필에너지,KOSDAQ,13310,56263,742640600,21643882,0.2599
089980,상아프론테크,KOSDAQ,16950,41520,704558110,15989037,0.2597
054410,케이피티유,KOSDAQ,2750,14850,41835140,5726444,0.2593
001740,SK네트웍스,KOSPI,6530,519265,3394359490,200593889,0.2589
010950,S-Oil,KOSPI,165100,291106,47263925050,112582792,0.2586
195990,루트K,KOSDAQ,1125,42080,47257166,16287874,0.2584
267980,매일유업,KOSDAQ,35600,19792,700505825,7663638,0.2583
357780,솔브레인,KOSDAQ GLOBAL,429000,20078,8559416250,7778566,0.2581
069330,유아이디,KOSDAQ,1149,43730,50091918,16952574,0.258
084650,랩지노믹스,KOSDAQ,2665,38153,101191390,14847998,0.257
333050,이노테나,KOSDAQ,5800,12643,72979010,4924420,0.2567
122870,와이지엔터테인먼트,KOSDAQ GLOBAL,41000,47916,1983145425,18691049,0.2564
00781K,코리아써키트2우B,KOSPI,16000,2009,31949850,783699,0.2563
464280,티디에스팜,KOSDAQ,5400,14176,76771620,5530000,0.2563
473050,유안타제15호스팩,KOSDAQ,2105,17914,37708970,7010000,0.2555
476060,온코닉테라퓨틱스,KOSDAQ,15610,115976,1816342900,45407840,0.2554
337930,젝시믹스,KOSDAQ,2340,74173,174002319,29048929,0.2553
041830,인바디,KOSDAQ,51800,34325,1782929950,13480882,0.2546
190510,나무가,KOSDAQ,16010,35860,574645780,14085317,0.2546
007820,엠엑스로보틱스,KOSDAQ,3565,59156,211110425,23323419,0.2536
321550,티움바이오,KOSDAQ,4690,75882,353015820,30038475,0.2526
081150,티플랙스,KOSDAQ,2610,61300,159045677,24268402,0.2526
219130,타이거일렉,KOSDAQ,90900,15900,1467994600,6314290,0.2518
317770,엑스페릭스,KOSDAQ,3030,92828,278056950,36997002,0.2509
465480,인스피언,KOSDAQ,3985,25406,103167890,10137772,0.2506
388720,유일로보틱스,KOSDAQ,71800,29519,2143102800,11781345,0.2506
487830,신한제15호스팩,KOSDAQ,2040,10872,22091710,4350000,0.2499
347000,센코,KOSDAQ,1873,94371,176553651,37810846,0.2496
092300,현우산업,KOSDAQ,2665,50181,134376228,20149871,0.249
031330,에스에이엠티,KOSDAQ,8860,248900,2210184100,99995067,0.2489
391710,코닉오토메이션,KOSDAQ,1288,106041,136324161,42620470,0.2488
019550,SBI인베스트먼트,KOSDAQ,910,200316,183684783,80562974,0.2486
119610,인터로조,KOSDAQ,16190,28325,459626635,11413747,0.2482
065650,하이퍼코퍼레이션,KOSDAQ,1349,27156,35961647,10945987,0.2481
006370,대구백화점,KOSPI,3040,26726,81071241,10821611,0.247
059210,메타바이오메드,KOSDAQ,3735,66942,247209210,27171445,0.2464
137940,넥스트아이,KOSDAQ,1854,24063,45295323,9812067,0.2452
264450,유비쿼스,KOSDAQ,11720,35949,422805600,14665493,0.2451
019990,에너토크,KOSDAQ,5290,23904,125629820,9756088,0.245
004430,송원산업,KOSPI,11430,58746,674968680,24000000,0.2448
009580,무림P&P,KOSPI,1772,152653,269910245,62368324,0.2448
094940,푸른로보틱스,KOSDAQ,6270,20446,128223175,8361386,0.2445
0117P0,피스피스스튜디오,KOSDAQ,5520,34624,191134675,14168911,0.2444
066590,스모트로닉,KOSDAQ,2275,94423,216710860,38677937,0.2441
117670,알파칩스,KOSDAQ,10410,16195,167270810,6661742,0.2431
044820,코스맥스비티아이,KOSPI,23150,23346,553923100,9603921,0.2431
083470,이엠앤아이,KOSDAQ,920,51783,47342945,21340329,0.2427
00806K,대덕1우,KOSPI,11070,2940,32546015,1212357,0.2425
001430,세아베스틸지주,KOSPI,47150,86919,4135346825,35862119,0.2424
078930,GS,KOSPI,104200,225103,23152994450,92895495,0.2423
067010,이씨에스,KOSDAQ,2535,26235,66563591,10888500,0.2409
039020,이건홀딩스,KOSDAQ,2615,54324,142365025,22584709,0.2405
096870,엘디티,KOSDAQ,2450,20052,48613300,8347999,0.2402
171010,램테크놀러지,KOSDAQ,2695,34336,91495785,14298752,0.2401
069080,웹젠,KOSDAQ GLOBAL,12000,74354,880128450,30966575,0.2401
012610,경인양행,KOSPI,3435,99793,342029763,41616365,0.2398
049470,비트플래닛,KOSDAQ,2625,56458,150372536,23544899,0.2398
018290,브이티,KOSDAQ,12560,83747,1057589830,34941838,0.2397
101000,KS인더스트리,KOSDAQ,1432,23721,34632276,9910487,0.2394
051900,LG생활건강,KOSPI,262000,35793,9471446000,14975523,0.239
005180,빙그레,KOSPI,83600,21120,1766307700,8841801,0.2389
322510,제이엘케이,KOSDAQ,5310,61393,323119295,25725892,0.2386
0132G0,교보20호스팩,KOSDAQ,1996,14242,28424077,5970000,0.2386
024940,PN풍년,KOSDAQ,2075,23812,48678975,10000000,0.2381
033250,체시스,KOSPI,4110,15220,62756375,6400000,0.2378
128820,대성산업,KOSPI,4250,107402,454267430,45235478,0.2374
092780,DYP,KOSPI,3380,31260,106102167,13168460,0.2374
001080,만호제강,KOSPI,4000,83353,334718505,35114960,0.2374
138610,나이벡,KOSDAQ,16390,26972,441172325,11367793,0.2373
347770,핌스,KOSDAQ,853,53642,45347164,22659702,0.2367
475580,에이럭스,KOSDAQ,7470,32192,241583740,13624900,0.2363
082850,우리바이오,KOSDAQ,4645,22846,105488150,9691315,0.2357
054300,팬스타엔터프라이즈,KOSDAQ,1006,137013,138664997,58170945,0.2355
096775,SK이노베이션우,KOSPI,72900,2939,212466750,1248426,0.2354
199480,뱅크웨어글로벌,KOSDAQ,4145,24003,99635475,10196588,0.2354
064350,현대로템,KOSPI,111550,256545,28990961950,109142293,0.2351
477380,미래에셋비전스팩4호,KOSDAQ,2075,18979,39385500,8100000,0.2343
900270,헝셩그룹,KOSDAQ,2620,29183,75265990,12461641,0.2342
000890,보해양조,KOSPI,1321,64590,85743270,27624025,0.2338
123690,한국화장품,KOSPI,6310,37567,239923525,16068000,0.2338
004980,성신양회,KOSPI,8120,57229,463743470,24516073,0.2334
099390,브레인즈컴퍼니,KOSDAQ,3650,19142,69417249,8208283,0.2332
004060,SG세계물산,KOSPI,2080,47146,98365750,20242496,0.2329
464500,아이언디바이스,KOSDAQ,1721,32559,56090053,13993263,0.2327
058630,엠게임,KOSDAQ,4000,43661,174989609,18772574,0.2326
298040,효성중공업,KOSPI,2805000,21626,60417287000,9324548,0.2319
481890,엔에이치스팩31호,KOSDAQ,2065,14712,30307895,6345000,0.2319
351330,이삭엔지니어링,KOSDAQ,3530,19206,68146610,8288520,0.2317
208350,지란지교시큐리티,KOSDAQ,2985,18750,55038805,8101570,0.2314
036890,진성티이씨,KOSDAQ,11190,50939,575528385,22032623,0.2312
003620,KG모빌리티,KOSPI,2600,467032,1214059325,202374912,0.2308
064850,에프앤가이드,KOSDAQ,20200,26278,556312375,11410332,0.2303
038500,삼표시멘트,KOSDAQ GLOBAL,6825,248358,1707015080,107916306,0.2301
476040,오가노이드사이언스,KOSDAQ,7180,15156,109718020,6585760,0.2301
479880,한국제15호스팩,KOSDAQ,2065,15807,32642490,6870000,0.2301
451220,아이엠티,KOSDAQ,9480,18104,169954755,7874611,0.2299
090430,아모레퍼시픽,KOSPI,129600,134042,17531308050,58492759,0.2292
014130,한익스프레스,KOSPI,2775,27053,75000617,11817883,0.2289
265560,영화테크,KOSDAQ,6270,24466,152680530,10690180,0.2289
067160,SOOP,KOSDAQ GLOBAL,36550,25536,937237100,11188392,0.2282
000155,두산우,KOSPI,481000,9106,4361171500,3996462,0.2279
003000,부광약품,KOSPI,4130,224539,927118458,98664671,0.2276
260970,에스앤디,KOSDAQ,59700,6569,396838300,2892754,0.2271
010400,우진아이엔에스,KOSPI,4035,17297,70777625,7622000,0.2269
488060,유진스팩11호,KOSDAQ,2040,10689,21910300,4720000,0.2265
417860,오브젠,KOSDAQ,7290,10624,77579100,4706906,0.2257
213420,덕산네오룩스,KOSDAQ,30400,55956,1711473200,24831179,0.2253
002220,한일철강,KOSPI,2850,60038,170977830,26697460,0.2249
051905,LG생활건강우,KOSPI,92900,4714,437997550,2096259,0.2249
003530,한화투자증권,KOSPI,4635,478919,2237879839,214547775,0.2232
033130,디지틀조선,KOSDAQ,1697,82777,141332872,37115267,0.223
368970,오에스피,KOSDAQ,2445,25040,62209255,11239718,0.2228
003380,하림지주,KOSDAQ GLOBAL,11580,248057,2845993985,112005621,0.2215
000660,SK하이닉스,KOSPI,1782000,1615603,2913167734000,730492365,0.2212
017550,수산세보틱스,KOSPI,1848,137802,256277825,62399130,0.2208
096250,와이즈넛,KOSDAQ,5680,26085,149630480,11814881,0.2208
002140,고려산업,KOSPI,1921,55006,105743459,24939425,0.2206
025550,한국선재,KOSDAQ,2370,56238,133113332,25514004,0.2204
196170,알테오젠,KOSDAQ GLOBAL,259000,153361,40088895250,69655133,0.2202
484120,도우인시스,KOSDAQ,23600,24120,561988675,10957422,0.2201
382150,온코크로스,KOSDAQ,3710,28692,107172414,13046354,0.2199
005935,삼성전자우,KOSPI,197800,1763254,352380060050,802371203,0.2198
290650,엘앤씨바이오,KOSDAQ,52100,59245,3105482700,26969704,0.2197
060370,LS마린솔루션,KOSDAQ,34600,114591,3944244575,52238854,0.2194
061090,세나테크놀로지,KOSDAQ,41800,11985,499446650,5467550,0.2192
006220,제주은행,KOSPI,9680,82787,803979185,37798557,0.219
0041B0,교보18호스팩,KOSDAQ,2000,11009,22054125,5040000,0.2184
270660,에브리봇,KOSDAQ,14000,27698,385548290,12690583,0.2183
108230,톱텍,KOSDAQ,3295,82949,272798588,38023245,0.2182
088790,진도,KOSPI,2365,27016,64407525,12447744,0.217
036800,나이스정보통신,KOSDAQ,8170,98632,809287620,45500000,0.2168
273640,와이엠텍,KOSDAQ,5950,23767,139848290,10966000,0.2167
333430,일승,KOSDAQ,3870,66555,257655173,30726747,0.2166
105330,케이엔더블유,KOSDAQ,8760,34696,305510830,16019520,0.2166
029460,케이씨,KOSPI,45300,23812,1048492150,11020535,0.2161
038880,아이에이,KOSDAQ,3530,16093,55625830,7514423,0.2142
115180,큐리언트,KOSDAQ,24700,79962,1998502650,37534151,0.213
073540,에프알텍,KOSDAQ,2735,24221,65671275,11400000,0.2125
194700,노바렉스,KOSDAQ,10600,38780,408144780,18254848,0.2124
094170,동운아나텍,KOSDAQ,26750,44371,1188058700,20909936,0.2122
084440,유비온,KOSDAQ,5030,8116,40649104,3826484,0.2121
307750,국전,KOSDAQ,2390,114449,274570975,53986288,0.212
228670,레이,KOSDAQ,4242,32996,140444967,15640021,0.211
290740,액트로,KOSDAQ,11280,21214,234191460,10065011,0.2108
058110,멕아이씨에스,KOSDAQ,1564,33821,52776900,16050530,0.2107
246690,TS인베스트먼트,KOSDAQ,2140,50088,108536145,23778174,0.2106
223310,사토시홀딩스,KOSDAQ,3000,17106,50642130,8128618,0.2104
092730,네오팜,KOSDAQ,22350,33728,763812575,16027989,0.2104
012280,영화금속,KOSPI,3670,20703,75657320,9904901,0.209
308080,바이젠셀,KOSDAQ,5820,42603,251558575,20499260,0.2078
104480,티케이케미칼,KOSDAQ,1864,187617,343857620,90895434,0.2064
008730,율촌화학,KOSPI,15730,51169,783386840,24800000,0.2063
381620,제닉스로보틱스,KOSDAQ,6240,27019,169910050,13117920,0.206
291230,컴투스엔,KOSDAQ,2710,49329,133303059,24011231,0.2054
099220,SDN,KOSDAQ,5240,12884,68134585,6294435,0.2047
001260,남광토건,KOSPI,8160,20109,163725990,9832572,0.2045
049950,미래컴퍼니,KOSDAQ,11520,17975,207584480,8817884,0.2038
228760,지노믹트리,KOSDAQ,12110,50492,620191930,24859202,0.2031
004985,성신양회우,KOSPI,9010,1494,13470840,735645,0.2031
282880,코윈로보틱스,KOSDAQ,11430,23733,271635555,11694082,0.2029
025820,이구산업,KOSPI,4300,67718,292768610,33442000,0.2025
114810,한솔아이원스,KOSDAQ,15270,56895,872296350,28143174,0.2022
094840,슈프리마에이치큐,KOSDAQ,13170,19824,261125580,9806109,0.2022
475960,토모큐브,KOSDAQ,36250,27221,970102600,13476174,0.202
013360,일성건설,KOSPI,1361,109125,149204947,54024880,0.202
461300,아이스크림미디어,KOSDAQ,17760,26912,482171800,13333933,0.2018
094860,네오리진,KOSDAQ,1586,107189,170024146,53110014,0.2018
099440,스맥,KOSDAQ,3885,137731,542395881,68243394,0.2018
069410,엔텔스,KOSDAQ,2495,20544,50694040,10244824,0.2005
001450,현대해상,KOSPI,46650,170876,8009367550,85248250,0.2004
009520,포스코엠텍,KOSDAQ GLOBAL,13400,83097,1107664455,41642703,0.1995
041520,이엘씨,KOSDAQ,12920,24287,315345660,12188730,0.1993
026040,제이에스티나,KOSDAQ,2185,32872,70366040,16503790,0.1992
010140,삼성중공업,KOSPI,19650,1751909,34659659995,880000000,0.1991
020710,시공테크,KOSDAQ,3630,39886,144343112,20047970,0.199
010960,삼호개발,KOSPI,3070,47958,147181085,24120000,0.1988
058860,KTis,KOSPI,2600,69110,179830887,34802000,0.1986
115160,휴맥스,KOSDAQ,5230,8544,45806740,4307533,0.1984
300080,플리토,KOSDAQ,8960,32775,292781505,16531451,0.1983
023150,MH에탄올,KOSPI,4490,12291,54810240,6201433,0.1982
003480,한진중공업홀딩스,KOSPI,4610,58404,270911595,29529812,0.1978
352820,하이브,KOSPI,156500,85118,13383506350,43106836,0.1975
017000,신원종합개발,KOSDAQ,2290,22993,52978582,11668027,0.1971
317240,TS트릴리온,KOSDAQ,982,57189,56602422,29176711,0.196
025860,남해화학,KOSPI,6040,97346,585152850,49678843,0.196
004270,남성,KOSPI,5660,8931,50008900,4560128,0.1958
037460,삼지전자,KOSDAQ,32600,31795,1042164850,16318522,0.1948
246710,티앤알바이오팹,KOSDAQ,2250,92309,209873365,47664504,0.1937
090350,노루페인트,KOSPI,8195,38703,318506735,20000000,0.1935
460940,피앤에스로보틱스,KOSDAQ,5350,25994,138720125,13455280,0.1932
285490,노바텍,KOSDAQ,12630,20408,259160030,10575831,0.193
360070,탑머티리얼,KOSDAQ,10580,15804,164374040,8192043,0.1929
238120,얼라인드,KOSDAQ,2695,27418,74240223,14218274,0.1928
002230,피에스텍,KOSDAQ,5200,35519,186644620,18421070,0.1928
065500,오리엔트정공,KOSDAQ,997,68867,68755087,35742912,0.1927
111710,남화산업,KOSDAQ,3165,39657,126469725,20588000,0.1926
0009K0,에임드바이오,KOSDAQ,25700,125426,3233563025,65137661,0.1926
271830,팸텍,KOSDAQ,1109,56668,62780303,29490202,0.1922
077970,STX엔진,KOSPI,22900,77063,1756877525,40148063,0.1919
033240,자화전자,KOSPI,28400,41414,1171212400,21605502,0.1917
004140,동방,KOSPI,1824,91952,167384465,47971766,0.1917
458350,에스팀,KOSDAQ,3055,16632,50364299,8683200,0.1915
086890,이수앱지스,KOSDAQ,3990,77837,310451655,40774990,0.1909
012160,영흥,KOSPI,2110,29749,64153710,15620703,0.1904
009070,KCTC,KOSPI,4105,57051,235126142,30000000,0.1902
214330,금호에이치티,KOSPI,6920,19883,138851340,10456929,0.1901
010120,LS ELECTRIC,KOSPI,214000,284727,60660773000,150000000,0.1898
015590,DKME,KOSPI,2345,101260,234423155,53396308,0.1896
012800,대창,KOSPI,1197,172826,208561272,91140499,0.1896
192410,오늘이엔엠,KOSDAQ,3415,47674,164945947,25185909,0.1893
003610,방림,KOSPI,5440,60408,331439700,32110778,0.1881
016360,삼성증권,KOSPI,88300,167109,14928021050,89300000,0.1871
052400,코나아이,KOSDAQ GLOBAL,37250,27208,1017601250,14563291,0.1868
012205,계양전기우,KOSPI,4970,2180,10869070,1169079,0.1865
226320,잇츠한불,KOSPI,11210,40826,454239635,21929315,0.1862
052300,오션인더블유,KOSDAQ,1558,30198,47175428,16244128,0.1859
001040,CJ,KOSPI,129100,54032,6997554400,29176998,0.1852
000490,대동,KOSPI,7660,53343,408594915,28826865,0.185
000100,유한양행,KOSPI,75900,136187,10330580550,73615781,0.185
372170,윤성에프앤씨,KOSDAQ,23150,14729,336397575,7979048,0.1846
006620,동구바이오제약,KOSDAQ,3540,52520,188810600,28464992,0.1845
194480,데브시스터즈,KOSDAQ,14000,22450,316901330,12169150,0.1845
108320,LX세미콘,KOSPI,38350,29978,1138021825,16264300,0.1843
053280,예스24,KOSDAQ,2800,46034,129909770,25000000,0.1841
217730,강스템바이오텍,KOSDAQ,2240,173151,396474072,94054149,0.1841
010660,화천기계,KOSPI,3070,40440,125065110,22000000,0.1838
079810,APS이노베이션,KOSDAQ,3775,39506,148562230,21528094,0.1835
350520,이지스레지던스리츠,KOSPI,3205,67457,217735625,36866202,0.183
330730,스톤브릿지벤처스,KOSDAQ,4705,33314,155879460,18217830,0.1829
019180,티에이치엔,KOSPI,5050,32876,167157030,18000000,0.1826
025880,케이씨피드,KOSDAQ,2320,30486,71043865,16715858,0.1824
198940,한주라이트메탈,KOSDAQ,1390,36310,50961798,19940671,0.1821
047810,한국항공우주,KOSPI,129400,176659,23013898200,97475107,0.1812
015230,대창단조,KOSPI,6510,49099,320406150,27143620,0.1809
136490,선진,KOSPI,10030,42996,431860405,23779604,0.1808
009780,엠에스씨,KOSDAQ,7670,31690,241132420,17600000,0.1801
0001A0,덕양에너젠,KOSDAQ,8690,45856,398355395,25468962,0.18
055490,테이팩스,KOSPI,16690,8600,143534325,4786650,0.1797
032960,동일기연,KOSDAQ,2665,31598,83227320,17592975,0.1796
013310,아진산업,KOSDAQ,2340,69692,162638235,38806582,0.1796
220100,퓨쳐켐,KOSDAQ,7260,46354,337876840,25817250,0.1795
215200,메가스터디교육,KOSDAQ,37950,18589,703320050,10365216,0.1793
060720,KH바텍,KOSDAQ,11650,42454,492016380,23677442,0.1793
017960,한국카본,KOSPI,20450,92344,1910105050,51676486,0.1787
001290,상상인증권,KOSPI,4215,38569,164832750,21667424,0.178
004870,티웨이홀딩스,KOSPI,969,40281,38906930,22632698,0.178
073240,금호타이어,KOSPI,6690,510450,3450239680,287260287,0.1777
008350,남선알미늄,KOSPI,1069,229305,245507419,129079090,0.1776
291650,츌립앤사이언스,KOSDAQ,2590,54145,139373642,30519621,0.1774
214150,클래시스,KOSDAQ GLOBAL,31000,115728,3599859800,65235659,0.1774
030000,제일기획,KOSPI,18660,202935,3785186860,115041225,0.1764
001520,동양,KOSPI,1118,188828,211899020,107122032,0.1763
489460,바이오비쥬,KOSDAQ,11500,25969,302367720,14753287,0.176
085310,엔케이,KOSPI,8670,13045,113314070,7418074,0.1759
094970,제이엠티,KOSDAQ,2815,29387,83627067,16748240,0.1755
004650,창해에탄올,KOSDAQ,9330,16114,150431365,9190885,0.1753
004150,한솔홀딩스,KOSPI,3545,71859,258415985,41026620,0.1752
090435,아모레퍼시픽우,KOSPI,38850,18476,725287825,10557830,0.175
241790,티이엠씨씨엔에스,KOSDAQ,6450,17503,113120530,10002634,0.175
115480,씨유메디칼,KOSDAQ,2290,21170,48365035,12124911,0.1746
159580,제로투세븐,KOSDAQ,2115,34957,73897040,20032636,0.1745
000370,한화손해보험,KOSPI,7270,203702,1491489925,116738915,0.1745
025320,시노펙스,KOSDAQ,4000,160803,643092845,92220753,0.1744
112040,위메이드,KOSDAQ,15700,59142,929481020,33948483,0.1742
251270,넷마블,KOSPI,34300,144779,4970110125,83158425,0.1741
293580,나우IB,KOSDAQ,1275,164974,211852682,94929950,0.1738
010580,에스엠벡셀,KOSPI,2230,193322,433702922,111251760,0.1738
215090,솔디펜스,KOSDAQ,1399,40184,56246037,23155661,0.1735
000760,이화산업,KOSPI,12220,4855,58858150,2800000,0.1734
003030,세아제강지주,KOSPI,111700,7174,825044200,4141657,0.1732
072130,유엔젤,KOSPI,4725,21953,103947870,12695454,0.1729
014530,극동유화,KOSPI,3380,59922,203291432,34869420,0.1718
035420,NAVER,KOSPI,191500,260587,50225261950,152094369,0.1713
418550,제이오,KOSDAQ,5350,54851,292773505,32017673,0.1713
085660,차바이오텍,KOSDAQ,8630,159125,1382581825,92972846,0.1712
053050,지에스이,KOSDAQ,1893,51303,97110754,29987597,0.1711
053290,NE능률,KOSDAQ,1490,28249,42024039,16526307,0.1709
340570,티앤엘,KOSDAQ,28050,27426,771977050,16070120,0.1707
041510,에스엠,KOSDAQ GLOBAL,78300,39072,3074157100,22894690,0.1707
069960,현대백화점,KOSPI,86900,36598,3198173300,21564912,0.1697
067990,도이치모터스,KOSDAQ,3980,49472,196336930,29181550,0.1695
016380,KG스틸,KOSPI,5720,169392,970829675,100008897,0.1694
114450,그린생명과학,KOSDAQ,2270,33833,77698030,20000000,0.1692
047080,한빛소프트,KOSDAQ,1087,41986,45822793,24822362,0.1691
075130,플랜티넷,KOSDAQ,2145,27262,58168922,16122320,0.1691
022100,포스코DX,KOSPI,21800,257042,5565738600,152034729,0.1691
405000,플라즈맵,KOSDAQ,3760,9082,33741445,5373532,0.169
019170,신풍제약,KOSPI,9400,88582,832836900,52418522,0.169
265520,AP시스템,KOSDAQ,20650,25417,524924000,15050821,0.1689
219420,링크제니시스,KOSDAQ,3235,19339,62637065,11469507,0.1686
051910,LG화학,KOSPI,275500,118972,32187707500,70592341,0.1685
001200,유진투자증권,KOSPI,4055,163053,668684825,96866418,0.1683
004440,삼일씨엔에스,KOSPI,5500,21430,117212640,12731947,0.1683
101160,월덱스,KOSDAQ,32850,27788,915197025,16510993,0.1683
060260,뉴보텍,KOSDAQ,794,22447,17867885,13342356,0.1682
008770,호텔신라,KOSPI,39000,65990,2582810350,39248121,0.1681
0011T0,채비,KOSDAQ,5500,78775,432879600,46949591,0.1678
007390,네이처셀,KOSDAQ,24750,108108,2688728350,64435056,0.1678
322780,코퍼스코리아,KOSDAQ,1614,25430,41380208,15230974,0.167
006800,미래에셋증권,KOSPI,31850,901532,29400969600,543021051,0.166
083930,아바코,KOSDAQ,12710,24341,309052060,14677249,0.1658
389140,포바이포,KOSDAQ,5600,23643,133411035,14269735,0.1657
063080,컴투스홀딩스,KOSDAQ,12640,10898,137126080,6595192,0.1652
0054V0,엔에이치스팩32호,KOSDAQ,2005,10227,20454241,6216500,0.1645
005387,현대차2우B,KOSPI,178600,56277,10063047300,34257047,0.1643
001340,PKC,KOSPI,5230,73838,384930580,45028089,0.164
005490,POSCO홀딩스,KOSPI,316500,129920,40793561250,79241527,0.164
026960,동서,KOSPI,26550,163449,4496813075,99700000,0.1639
137950,제이씨케미칼,KOSDAQ,3560,36494,130173070,22267814,0.1639
035810,이지홀딩스,KOSDAQ,4455,105708,475842440,64516185,0.1638
034020,두산에너빌리티,KOSPI,81300,1049408,85080959050,640561146,0.1638
031510,오스템,KOSDAQ,1109,45747,51140399,28000000,0.1634
163280,에어레인,KOSDAQ,3905,22220,86171162,13603078,0.1633
080160,모두투어,KOSDAQ,8130,30742,248964705,18900000,0.1627
012450,한화에어로스페이스,KOSPI,1031000,83869,87537822000,51563401,0.1627
400760,NH올원리츠,KOSPI,2795,89244,250049570,54929275,0.1625
006920,모헨즈,KOSDAQ,3000,17718,53315928,10920000,0.1623
023770,플레이위드,KOSDAQ,2730,14515,38572315,8946495,0.1622
011155,CJ씨푸드1우,KOSPI,5550,324,1807860,200000,0.162
489210,교보17호스팩,KOSDAQ,2060,8387,17200515,5180000,0.1619
003925,남양유업우,KOSPI,30150,3042,91015550,1891149,0.1609
014190,원익큐브,KOSDAQ,1300,56871,74224471,35395071,0.1607
452300,캡스톤파트너스,KOSDAQ,2485,22743,57180932,14169505,0.1605
015750,성우하이텍,KOSDAQ,5960,128338,769596960,80000000,0.1604
278280,천보,KOSDAQ,39600,19652,772717925,12253025,0.1604
002920,유성기업,KOSPI,1787,41516,74476331,25947500,0.16
03473K,SK우,KOSPI,373000,904,337152500,566135,0.1597
248170,샘표식품,KOSPI,21850,7285,159201050,4566596,0.1595
122990,와이솔,KOSDAQ,6440,40664,264538700,25648079,0.1585
096350,대창솔루션,KOSDAQ,1896,58263,111182334,36854762,0.1581
045520,크린앤사이언스,KOSDAQ,3240,10259,33289285,6500000,0.1578
005385,현대차우,KOSPI,178400,36034,6433452050,22839037,0.1578
453450,그리드위즈,KOSDAQ,13410,12496,165687410,7942750,0.1573
033310,엠투엔,KOSDAQ,1420,62872,89414808,39972456,0.1573
023530,롯데쇼핑,KOSPI,98600,44477,4431424300,28288755,0.1572
054620,APS,KOSDAQ,4015,28910,115526300,18394221,0.1572
190650,코리아에셋투자증권,KOSDAQ,6520,10039,65270950,6388000,0.1572
014580,태경비케이,KOSPI,3925,43075,168300628,27583100,0.1562
040350,크레오에스지,KOSDAQ,3310,30963,103425975,19856196,0.1559
000145,하이트진로홀딩스우,KOSPI,9140,734,6852050,470810,0.1559
044960,이글벳,KOSDAQ,3095,19707,61146985,12641883,0.1559
195500,마니커에프앤지,KOSDAQ,1703,24889,42173790,15978000,0.1558
089590,제주항공,KOSPI,4455,125420,561506987,80640985,0.1555
127980,화인써키트,KOSDAQ,2965,18386,52739860,11840684,0.1553
008260,NI스틸,KOSPI,3275,44276,145825295,28600117,0.1548
316140,우리금융지주,KOSPI,33350,1140347,38042864575,736786557,0.1548
035720,카카오,KOSPI,33450,685074,22950068225,442999903,0.1546
059270,해성에어로보틱스,KOSDAQ,5480,17206,94048045,11165299,0.1541
093050,LF,KOSPI,23750,45058,1081873200,29240000,0.1541
005500,삼진제약,KOSPI,19220,20525,393564465,13320000,0.1541
297890,HB솔루션,KOSDAQ,1661,112676,187752836,73140914,0.1541
021240,코웨이,KOSPI,99700,108569,10854577500,70767426,0.1534
456040,OCI,KOSPI,74100,13724,1025295750,8952495,0.1533
042660,한화오션,KOSPI,77200,468949,36396221950,306413394,0.153
177830,파버나인,KOSDAQ,2100,17286,36682370,11325993,0.1526
00680K,미래에셋증권2우B,KOSPI,10180,194203,2009098745,127271150,0.1526
006570,대림통상,KOSPI,1858,23212,43269013,15225000,0.1525
239340,이스트에이드,KOSDAQ,2380,8210,19989186,5395926,0.1522
215360,우리산업,KOSDAQ,6470,13890,90456020,9132163,0.1521
058400,KNN,KOSDAQ,5940,20137,118224050,13242972,0.1521
038540,상상인,KOSDAQ,2000,84118,168903196,55328313,0.152
496070,신한제16호스팩,KOSDAQ,2005,8542,17085930,5620000,0.152
001780,알루코,KOSPI,1643,146686,239460045,96830132,0.1515
092040,아미코젠,KOSDAQ,991,107033,107110032,70655387,0.1515
049430,코메론,KOSDAQ,22200,13699,302201725,9048000,0.1514
417970,모델솔루션,KOSDAQ,11370,9684,109448780,6396700,0.1514
095660,네오위즈,KOSDAQ,18170,32666,596583100,21636459,0.151
123410,코리아에프티,KOSDAQ,5840,41980,247185665,27841064,0.1508
001540,안국약품,KOSDAQ,9870,19646,193753630,13042420,0.1506
206650,유바이오로직스,KOSDAQ,8460,55329,471174440,36752307,0.1505
006890,태경케미컬,KOSPI,4860,17463,84452590,11600000,0.1505
032190,다우데이타,KOSDAQ,19190,57588,1119537800,38300000,0.1504
004415,서울식품우,KOSPI,3740,334,1248055,222450,0.1501
058970,엠로,KOSDAQ,17170,18478,318003400,12362794,0.1495
267260,HD현대일렉트릭,KOSPI,681000,53781,36783611500,36047135,0.1492
082800,비보존 제약,KOSDAQ,2945,90574,270479640,60719666,0.1492
318160,셀바이오휴먼텍,KOSDAQ,6700,13916,93239220,9337513,0.149
075580,세진중공업,KOSPI,9970,84668,846300510,56849456,0.1489
002240,고려제강,KOSPI,16950,40193,684433770,27000000,0.1489
402030,코난테크놀로지,KOSDAQ,13060,18574,244368490,12517488,0.1484
000220,유유제약,KOSPI,3760,23349,87920960,15747462,0.1483
181710,NHN,KOSPI,56700,47876,2739590950,32328965,0.1481
046440,KG파이낸셜,KOSDAQ,4000,53254,214005620,36250386,0.1469
063760,이엘피,KOSDAQ,2140,13698,29220369,9325130,0.1469
082270,젬백스,KOSDAQ,11090,66692,752319325,45480587,0.1466
0008Z0,에스엔시스,KOSDAQ,23700,13824,330812600,9436564,0.1465
328380,솔트웨어,KOSDAQ,3745,10017,37795387,6852555,0.1462
000970,한국주철관,KOSPI,6460,33249,216404735,22800500,0.1458
027710,팜스토리,KOSDAQ,1099,162469,179464600,111416600,0.1458
044990,에이치엔에스하이텍,KOSDAQ,12010,11195,133777165,7685425,0.1457
071050,한국금융지주,KOSPI,177900,81107,14609373850,55725992,0.1455
034230,파라다이스,KOSPI,9420,134504,1261164225,92629382,0.1452
008700,아남전자,KOSPI,1249,111820,138765475,77124820,0.145
052860,아이앤씨,KOSDAQ,7710,25888,200253330,17866854,0.1449
154030,아시아종묘,KOSDAQ,1577,17466,27544493,12061867,0.1448
296640,이노에이엑스,KOSDAQ,6120,7477,45732720,5178252,0.1444
012330,현대모비스,KOSPI,377500,129558,49461635500,89820585,0.1442
003200,일신방직,KOSPI,10850,33104,357874280,22960000,0.1442
008370,원풍,KOSDAQ,5300,17234,90830640,12000000,0.1436
097520,엠씨넥스,KOSPI,19470,24986,488410340,17401500,0.1436
389650,넥스트바이오메디컬,KOSDAQ,31350,11866,375714600,8277286,0.1434
049800,우진플라임,KOSPI,1971,28663,56827872,20000000,0.1433
023800,인지컨트롤스,KOSPI,5040,22613,114719230,15809197,0.143
307280,원바이오젠,KOSDAQ,5920,10137,59844000,7094627,0.1429
308430,셀비온,KOSDAQ,14170,18433,265732410,12905251,0.1428
413390,엠오티,KOSDAQ,6710,16084,107388520,11285520,0.1425
114840,아이패밀리에스씨,KOSDAQ,8340,23754,198784500,16681385,0.1424
038070,서린바이오,KOSDAQ,4105,13209,53955890,9300676,0.142
02826K,삼성물산우B,KOSPI,218000,2084,458849500,1467590,0.142
095270,웨이브일렉트로,KOSDAQ,4535,20365,93195037,14372406,0.1417
144510,지씨셀,KOSDAQ,14800,22381,331409835,15800344,0.1416
348350,위드텍,KOSDAQ,9480,13838,132960830,9773600,0.1416
048530,인트론바이오,KOSDAQ,2830,43705,124275857,30891758,0.1415
002310,아세아제지,KOSPI,7690,55731,431806575,39449510,0.1413
105560,KB금융,KOSPI,167200,499522,83473738700,354687734,0.1408
311390,네오크레마,KOSDAQ,2465,17813,43567815,12653789,0.1408
005440,현대지에프홀딩스,KOSPI,12480,257381,3230552720,183397199,0.1403
068760,셀트리온제약,KOSDAQ,39500,62301,2469940125,44402332,0.1403
396690,미래에셋글로벌리츠,KOSPI,1333,55527,74935609,39605940,0.1402
001230,동국홀딩스,KOSPI,2040,217832,447030005,155507715,0.1401
104040,디에스엠,KOSDAQ,3020,37488,113919060,26813565,0.1398
025900,동화기업,KOSDAQ,7530,70587,527678990,50557285,0.1396
043150,바텍,KOSDAQ,17630,20703,366139820,14854256,0.1394
053160,프리엠스,KOSDAQ,8740,8361,71812630,6000000,0.1394
033500,동성화인텍,KOSDAQ,16180,41675,679752895,29989494,0.139
004410,서울식품,KOSPI,1225,54730,67050230,39455013,0.1387
037400,우리엔터프라이즈,KOSDAQ,3335,7250,24323995,5244669,0.1382
200230,텔콘RF제약,KOSDAQ,2310,13100,30068620,9482269,0.1382
439260,대한조선,KOSPI,47750,52584,2504679600,38088730,0.1381
037760,쎄니트,KOSDAQ,2505,46708,116406395,33832921,0.1381
130740,티피씨글로벌,KOSDAQ,1824,15566,28249308,11276679,0.138
365270,큐라클,KOSDAQ,10170,30545,314517390,22156992,0.1379
036620,감성코퍼레이션,KOSDAQ,3730,123594,461299055,89862944,0.1375
263020,디케이앤디,KOSDAQ,3145,19016,60077685,13836146,0.1374
017800,현대엘리베이터,KOSPI,72900,53678,3910341150,39092385,0.1373
0004Y0,디비금융제14호스팩,KOSDAQ,2005,7293,14588270,5315000,0.1372
419080,엔젯,KOSDAQ,5040,14912,75045660,10871817,0.1372
900250,크리스탈신소재,KOSDAQ,1232,48829,60302070,35815001,0.1363
011390,부산산업,KOSPI,47700,1439,68207950,1056000,0.1363
008930,한미사이언스,KOSPI,56900,92947,5227920800,68391550,0.1359
336680,탑런토탈솔루션,KOSDAQ,3050,53100,160180995,39145558,0.1356
227610,아우딘퓨쳐스,KOSDAQ,993,26274,26211379,19374571,0.1356
101680,한국정밀기계,KOSDAQ,2940,11367,33549042,8404000,0.1353
068790,DMS,KOSDAQ,7890,29958,237325450,22184124,0.135
443060,HD현대마린솔루션,KOSPI,221500,60526,13547292250,44833460,0.135
079000,와토스코리아,KOSDAQ,3540,9720,34473500,7200000,0.135
0218L0,네오뷰,KOSDAQ,12680,7120,91333770,5276175,0.1349
005930,삼성전자,KOSPI,271250,7889259,2170184860450,5846278608,0.1349
900140,엘브이엠씨홀딩스,KOSPI,1193,260736,309372997,193240432,0.1349
462310,뉴키즈온,KOSDAQ,3805,10657,40702520,7898605,0.1349
004370,농심,KOSPI,392000,8173,3225349500,6082642,0.1344
068290,삼성출판사,KOSPI,6210,13432,83398460,10000000,0.1343
033560,블루콤,KOSDAQ,5660,22953,125428035,17100000,0.1342
104620,노랑풍선,KOSDAQ,3140,22551,70693555,16810552,0.1341
079900,전진건설로봇,KOSPI,39950,19547,782063125,14592545,0.134
260930,씨티케이,KOSDAQ,2320,25907,59494820,19341591,0.1339
019660,글로본,KOSDAQ,1440,18589,26094039,13944333,0.1333
032680,소프트센,KOSDAQ,998,30670,30596900,23055881,0.133
026890,스틱인베스트먼트,KOSPI,7840,51468,408168720,38770837,0.1327
011760,현대코퍼레이션,KOSPI,24550,17539,433544875,13228966,0.1326
012790,신일제약,KOSDAQ,6450,15875,101962040,11986415,0.1324
035080,그래디언트,KOSDAQ,11470,14777,170020175,11174129,0.1322
007120,미래아이앤지,KOSPI,996,36057,35836435,27323114,0.132
036480,대성미생물,KOSDAQ,5990,5009,30169070,3800000,0.1318
128660,피제이메탈,KOSDAQ,2885,32690,94296505,24803369,0.1318
047050,포스코인터내셔널,KOSPI,57400,231232,13157849300,175922788,0.1314
099750,이지케어텍,KOSDAQ,7350,17949,131523430,13659173,0.1314
052020,에스티큐브,KOSDAQ,7790,89031,695919450,67983291,0.131
218150,미래생명자원,KOSDAQ,1917,26728,51295606,20415802,0.1309
013580,계룡건설,KOSPI,21550,11672,252673650,8930907,0.1307
095570,AJ네트웍스,KOSPI,4250,59091,251821554,45252759,0.1306
097230,HJ중공업,KOSPI,15030,117877,1789055910,90295344,0.1305
222420,쎄노텍,KOSDAQ,976,63180,61870396,48418523,0.1305
043200,파루,KOSDAQ,1227,27267,33618805,20902157,0.1305
318410,비비씨,KOSDAQ,6290,7240,45300145,5555243,0.1303
0096D0,미래에셋비전스팩9호,KOSDAQ,1991,7167,14304443,5500000,0.1303
053980,오상자이엘,KOSDAQ,2425,24685,59991909,18982783,0.13
009540,HD한국조선해양,KOSPI,317500,91868,29414883250,70773116,0.1298
106190,하이텍팜,KOSDAQ,9840,13714,136139970,10633173,0.129
045510,정원엔시스,KOSDAQ,1191,40581,48612966,31479957,0.1289
419540,비스토스,KOSDAQ,2815,7671,21648185,5958253,0.1287
003650,미창석유,KOSPI,121200,2238,273709000,1739672,0.1286
050960,수산아이앤티,KOSDAQ,8890,8684,75695010,6751000,0.1286
460470,아이빔테크놀로지,KOSDAQ,3090,19442,59626010,15119370,0.1286
006280,녹십자,KOSPI,126700,15019,1925185550,11686538,0.1285
037270,YG PLUS,KOSPI,3115,81815,254761838,63663110,0.1285
210540,디와이파워,KOSPI,11070,14095,156257570,11041708,0.1277
005710,대원산업,KOSDAQ,10290,25532,263406075,20037600,0.1274
287840,인투셀,KOSDAQ,18090,19127,353981580,15021960,0.1273
214680,디알텍,KOSDAQ,3890,21188,83712665,16691951,0.1269
226330,신테카바이오,KOSDAQ,1292,30760,39230937,24258475,0.1268
017180,명문제약,KOSPI,1263,43050,54290107,33953454,0.1268
038290,마크로젠,KOSDAQ,12490,13739,172082180,10841400,0.1267
065950,웰크론,KOSDAQ,1128,35771,40312218,28231302,0.1267
053030,바이넥스,KOSDAQ,6550,41352,271646590,32684188,0.1265
114090,GKL,KOSPI,8390,78194,660522175,61855670,0.1264
267250,HD현대,KOSPI,196100,99710,19784071950,78993085,0.1262
413640,비아이매트릭스,KOSDAQ,5880,9089,53914265,7206940,0.1261
284740,쿠쿠홈시스,KOSPI,24150,28290,686333650,22437330,0.1261
035760,CJ ENM,KOSDAQ GLOBAL,34350,27629,959028725,21929154,0.126
373220,LG에너지솔루션,KOSPI,390500,294447,112644210750,234000000,0.1258
0093G0,미래에셋비전스팩8호,KOSDAQ,1975,8024,15957950,6400000,0.1254
001795,대한제당우,KOSPI,2125,8100,17212390,6482760,0.1249
185490,아이진,KOSDAQ,1900,53962,102017248,43229784,0.1248
054670,대한뉴팜,KOSDAQ,5520,17856,99414220,14354920,0.1244
353590,오토앤,KOSDAQ,1568,16002,24259994,12875570,0.1243
33637K,솔루스첨단소재1우,KOSPI,1587,20874,32950909,16907094,0.1235
001680,대상,KOSPI,17560,42694,755493610,34648025,0.1232
039240,경남스틸,KOSDAQ,1947,33197,64742877,26979604,0.123
090080,평화산업,KOSPI,1003,67488,67780664,54902259,0.1229
011300,우성머티리얼스,KOSPI,2735,21099,58063590,17238905,0.1224
066670,디티씨,KOSDAQ,3300,22845,75368490,18691918,0.1222
014940,오리엔탈정공,KOSDAQ,4545,55697,254313425,45573661,0.1222
005945,NH투자증권우,KOSPI,22350,23062,518495700,18870968,0.1222
122690,서진오토모티브,KOSDAQ,1584,28123,44634323,23079166,0.1219
080470,성창오토텍,KOSDAQ,2660,8889,23627850,7300000,0.1218
023810,인팩,KOSPI,5270,12157,64145380,10000000,0.1216
317690,퀀타매트릭스,KOSDAQ,2335,24468,57913825,20135029,0.1215
046310,백금T&A,KOSDAQ,2345,19947,46639995,16418641,0.1215
004560,현대비앤지스틸,KOSPI,12350,18319,226805060,15078811,0.1215
407400,꿈비,KOSDAQ,1994,17766,35349911,14634534,0.1214
095700,제넥신,KOSDAQ,2810,55276,155350103,45540494,0.1214
035600,KG이니시스,KOSDAQ,9670,33366,324606880,27554434,0.1211
175140,아고스,KOSDAQ,2410,30201,71578240,24944253,0.1211
419530,SAMG엔터,KOSDAQ,17830,12354,221011955,10207337,0.121
009770,삼정펄프,KOSPI,27650,3023,83067150,2499971,0.1209
033780,KT&G,KOSPI,176200,125520,22136600050,103810456,0.1209
053450,세코닉스,KOSDAQ,3365,17865,59703735,14792803,0.1208
000725,현대건설우,KOSPI,51800,1269,65535700,1054693,0.1203
001060,JW중외제약,KOSPI,27400,27892,763438900,23285930,0.1198
009140,케이아이이,KOSPI,19780,1881,37485155,1570797,0.1197
000440,중앙에너비스,KOSDAQ,12410,7428,91740220,6227130,0.1193
000120,CJ대한통운,KOSPI,69700,27137,1900871900,22812344,0.119
224110,에이텍모빌리티,KOSDAQ,7720,6038,46365960,5080386,0.1188
126880,제이엔케이글로벌,KOSDAQ,2770,27490,76299456,23168123,0.1187
452200,민테크,KOSDAQ,1693,28852,48780992,24332800,0.1186
005380,현대차,KOSPI,346500,241230,84355742750,203466492,0.1186
010040,한국내화,KOSPI,1669,48676,80758866,41067062,0.1185
241770,메카로,KOSDAQ,41000,12057,485951350,10192640,0.1183
348030,모비릭스,KOSDAQ,2700,11342,30141198,9603800,0.1181
214390,경보제약,KOSPI,5420,28218,153238520,23906860,0.118
298540,더네이쳐홀딩스,KOSDAQ,6450,17081,110907585,14486386,0.1179
489730,디비금융제13호스팩,KOSDAQ,2040,7463,15191300,6332000,0.1179
078520,에이블씨엔씨,KOSPI,10870,29420,322947555,24963426,0.1179
033530,SJG세종,KOSPI,6840,31760,216955440,27052299,0.1174
277410,인산가,KOSDAQ,5670,4495,24816315,3841150,0.117
072020,중앙백신,KOSDAQ,9170,10822,98879020,9256781,0.1169
015860,일진홀딩스,KOSPI,7190,57684,420989515,49347483,0.1169
199800,툴젠,KOSDAQ,35300,10508,369203150,8997629,0.1168
009450,경동나비엔,KOSPI,60900,17005,1041893300,14568592,0.1167
011150,CJ씨푸드,KOSPI,1870,41812,78445563,35930773,0.1164
037070,파세코,KOSDAQ,6760,23273,156804920,20000000,0.1164
262840,아이퀘스트,KOSDAQ,2865,11874,33674860,10249759,0.1158
089860,롯데렌탈,KOSPI,50400,41987,2115150900,36309388,0.1156
008420,문배철강,KOSPI,2090,23705,49828135,20503505,0.1156
117580,대성에너지,KOSPI,7080,31777,224811460,27500000,0.1156
178920,PI첨단소재,KOSPI,20500,33905,690898325,29366322,0.1155
000215,DL우,KOSPI,24200,1946,47119500,1686115,0.1154
025540,한국단자,KOSPI,55400,11668,650508500,10115000,0.1154
034730,SK,KOSPI,583000,83041,48256422500,72502703,0.1145
088350,한화생명,KOSPI,5300,993451,5311727780,868530000,0.1144
370090,퓨런티어,KOSDAQ,6200,9771,60768440,8556830,0.1142
009730,이렘,KOSDAQ,2000,9094,18090212,7975503,0.114
078140,대봉엘에스,KOSDAQ,7610,12599,96396850,11086579,0.1136
290120,DH오토리드,KOSDAQ,2155,17967,38662650,15825177,0.1135
473000,에스케이증권제12호스팩,KOSDAQ,2080,3745,7789715,3310000,0.1131
207940,삼성바이오로직스,KOSPI,1301000,52357,69071575000,46290951,0.1131
097955,CJ제일제당 우,KOSPI,109100,1501,164032900,1327433,0.1131
450950,아스테라시스,KOSDAQ,6380,42433,265896040,37627592,0.1128
000225,유유제약1우,KOSPI,3615,2556,9310660,2266930,0.1128
290670,대보마그네틱,KOSDAQ,5650,8857,49936625,7857660,0.1127
006740,블루산업개발,KOSPI,4710,6704,31572525,5950959,0.1127
000040,KR모터스,KOSPI,1023,22154,23068634,19675036,0.1126
006805,미래에셋증권우,KOSPI,11260,15101,170306025,13454133,0.1122
104460,디와이피엔에프,KOSDAQ,6700,11789,78917740,10518101,0.1121
118990,모트렉스,KOSDAQ,6380,27479,174908290,24537371,0.112
101400,엔시트론,KOSDAQ,1671,16964,27759540,15158644,0.1119
000910,유니온,KOSPI,2950,17334,51023740,15611619,0.111
078935,GS우,KOSPI,58800,1975,115630650,1779676,0.111
088340,유라클,KOSDAQ,6380,4838,31089830,4364368,0.1109
237820,플레이디,KOSDAQ,2310,14218,33309000,12827140,0.1108
460930,현대힘스,KOSDAQ,13150,39317,516265500,35510671,0.1107
450520,인스웨이브,KOSDAQ,1885,16277,30432414,14704578,0.1107
039490,키움증권,KOSPI,252500,29010,7422906000,26228316,0.1106
011780,금호석유화학,KOSPI,118800,27793,3285322500,25157325,0.1105
123420,위메이드플레이,KOSDAQ,6420,11488,74370240,10401041,0.1105
051600,한전KPS,KOSPI,45200,49647,2244462125,45000000,0.1103
111770,영원무역,KOSPI,67800,48822,3292451750,44311468,0.1102
027580,상보,KOSDAQ,1933,13038,25299920,11836255,0.1102
020400,대동금속,KOSDAQ,2605,9989,26226510,9073532,0.1101
093320,케이아이엔엑스,KOSDAQ,127000,5372,683486450,4880000,0.1101
088260,이리츠코크렙,KOSPI,3185,69707,222916220,63341590,0.11
477760,DB금융스팩12호,KOSDAQ,2070,6424,13270304,5840000,0.11
253450,스튜디오드래곤,KOSDAQ GLOBAL,20650,32956,689613225,30058498,0.1096
028100,동아지질,KOSPI,19670,12302,241567725,11222117,0.1096
257370,피엔티엠에스,KOSDAQ,1900,13644,26039084,12504861,0.1091
294870,IPARK현대산업개발,KOSPI,22000,71779,1567607425,65907330,0.1089
037710,광주신세계,KOSPI,33850,8305,280871200,7627172,0.1089
222980,한국맥널티,KOSDAQ,2065,12003,25091155,11031483,0.1088
054950,제이브이엠,KOSDAQ,24150,13137,317817850,12089892,0.1087
001120,LX인터내셔널,KOSPI,43050,41994,1814529850,38760000,0.1083
377190,디앤디플랫폼리츠,KOSPI,1981,95626,189803783,88400000,0.1082
214370,케어젠,KOSDAQ,43100,57881,2549490700,53715000,0.1078
000650,천일고속,KOSPI,138600,1538,215354300,1429220,0.1076
011170,롯데케미칼,KOSPI,61500,45935,2798989050,42775419,0.1074
079960,동양이엔피,KOSDAQ,16930,8082,136984670,7551658,0.107
403490,우듬지팜,KOSDAQ,2030,9830,19944130,9186492,0.107
105760,포스뱅크,KOSDAQ,5160,10904,56459100,10190887,0.107
105550,엣지파운드리,KOSDAQ,1645,16755,27698353,15661410,0.107
234300,에스트래픽,KOSDAQ,3090,29095,91439645,27207780,0.1069
225220,제놀루션,KOSDAQ,1432,20513,29451639,19190021,0.1069
042110,에스씨디,KOSDAQ,1031,51638,53277199,48329564,0.1068
244920,에이플러스에셋,KOSPI,12630,24130,303934270,22607693,0.1067
213500,한솔제지,KOSPI,7170,25361,183028135,23800576,0.1066
000670,영풍,KOSPI,41200,19614,805886200,18410683,0.1065
376180,피코그램,KOSDAQ,1525,19774,29815217,18561038,0.1065
263750,펄어비스,KOSDAQ,33100,66949,2222259775,62843910,0.1065
351870,차이커뮤니케이션,KOSDAQ,2120,11864,25604563,11160642,0.1063
093380,풍강,KOSDAQ,2855,10493,29956615,9879313,0.1062
040300,YTN,KOSDAQ,2275,50636,115533200,47676980,0.1062
001800,오리온홀딩스,KOSPI,22550,63841,1435063175,60156652,0.1061
0115H0,삼성스팩13호,KOSDAQ,1996,7782,15538407,7350000,0.1059
0098T0,교보19호스팩,KOSDAQ,2010,5704,11409330,5400000,0.1056
37550K,DL이앤씨우,KOSPI,26650,2227,59557875,2113885,0.1054
019685,대교우B,KOSPI,973,10180,9976408,9713495,0.1048
034830,한국토지신탁,KOSPI,1109,263794,293362767,252489230,0.1045
0130H0,엔에이치스팩33호,KOSDAQ,1996,8021,16014315,7700000,0.1042
452160,제이엔비,KOSDAQ,3150,10008,31233190,9617527,0.1041
271560,오리온,KOSPI,105300,41069,4331081700,39528788,0.1039
440320,오픈놀,KOSDAQ,2065,10368,21472890,9980000,0.1039
072870,메가스터디,KOSDAQ,13080,12347,161325095,11920959,0.1036
197140,디지캡,KOSDAQ,2325,13471,31576225,13013154,0.1035
037560,LG헬로비전,KOSPI,1560,80144,124315740,77446865,0.1035
438700,버넥트,KOSDAQ,1818,11517,20997693,11144890,0.1033
084110,휴온스글로벌,KOSDAQ,23050,13082,300162675,12659812,0.1033
243070,휴온스,KOSDAQ,19400,12366,240484950,11979665,0.1032
008775,호텔신라우,KOSPI,28100,776,21784800,751879,0.1032
000390,SP삼화,KOSPI,6970,28069,196063245,27203469,0.1032
215000,골프존,KOSDAQ,35800,6469,230623100,6275415,0.1031
285130,SK케미칼,KOSPI,52000,17813,918747500,17298766,0.103
101730,위메이드맥스,KOSDAQ,4620,86113,397691560,83803286,0.1028
129890,앱코,KOSDAQ,950,46788,44774709,45545602,0.1027
056730,CNT85,KOSDAQ,1198,15221,18156313,14822237,0.1027
013720,청보,KOSDAQ,2100,12473,26706305,12165628,0.1025
053620,태양,KOSDAQ,6580,8813,57492270,8600000,0.1025
011320,유니크,KOSDAQ,3930,19759,77785195,19320695,0.1023
019010,베뉴지,KOSDAQ,4300,49097,213693775,48200000,0.1019
175330,JB금융지주,KOSPI,28400,189897,5430782025,186521824,0.1018
032860,더라미,KOSDAQ,2990,8222,23961230,8079172,0.1018
317870,엔바이오니아,KOSDAQ,5200,8995,47103970,8841895,0.1017
017670,SK텔레콤,KOSPI,87800,218157,19258884450,214790053,0.1016
018680,서울제약,KOSDAQ,1927,11838,22664339,11659319,0.1015
013810,스페코,KOSDAQ,1533,14865,22752869,14655470,0.1014
329180,HD현대중공업,KOSPI,418500,106152,44701753500,104961225,0.1011
025620,차AI헬스케어,KOSPI,5400,18390,97937530,18203973,0.101
064960,SNT모티브,KOSPI,26850,26762,722476400,26540272,0.1008
036220,오상헬스케어,KOSDAQ,6420,14428,92735810,14309416,0.1008
025950,동신건설,KOSDAQ,10000,8440,84370485,8400000,0.1005
065370,위세아이텍,KOSDAQ,2995,7414,22215225,7383954,0.1004
009180,한솔로지스틱스,KOSPI,2795,28269,79558675,28155825,0.1004
900110,딥커머스,KOSDAQ,5730,11102,64142060,11062278,0.1004
054930,유신,KOSDAQ,17610,3003,52812550,3000000,0.1001
175250,아이큐어,KOSDAQ,1650,61755,102014160,61736317,0.1
139480,이마트,KOSPI,71500,27516,1979143900,27595819,0.0997
004000,롯데정밀화학,KOSPI,42600,25629,1092747975,25800000,0.0993
155660,DSR,KOSPI,4255,15880,67420517,16000000,0.0992
091970,LSK아이로봇,KOSDAQ,3570,7468,26526830,7534780,0.0991
192440,슈피겐코리아,KOSDAQ,28500,6147,177999200,6216363,0.0989
068270,셀트리온,KOSPI,181600,229756,42333671550,232617176,0.0988
262260,에이프로,KOSDAQ,4570,14886,67850125,15077660,0.0987
025890,한국주강,KOSPI,2615,10994,28697915,11144616,0.0986
143540,영우디에스피,KOSDAQ,1040,43963,45396441,44599895,0.0986
376270,HEM파마,KOSDAQ,33350,7115,239812900,7219147,0.0986
131370,알서포트,KOSDAQ,1505,52494,78936160,53267083,0.0985
000810,삼성화재,KOSPI,631000,43977,27718797500,44647473,0.0985
215380,콜마바이오텍,KOSDAQ,2275,16573,38681540,16829576,0.0985
102460,이연제약,KOSPI,10010,18196,182164310,18586811,0.0979
432320,KB스타리츠,KOSPI,1633,147365,239989945,150764285,0.0977
138930,BNK금융지주,KOSPI,16000,299892,4796467925,306839751,0.0977
051490,나라엠앤디,KOSDAQ,2650,13847,35948005,14200000,0.0975
005430,한국공항,KOSPI,96100,3078,297990050,3166355,0.0972
279570,케이뱅크,KOSPI,5520,392968,2152699695,405695151,0.0969
382480,지아이텍,KOSDAQ,1640,38081,62389261,39357140,0.0968
012170,아센디오,KOSPI,2970,7059,20875305,7296721,0.0967
089150,케이씨티,KOSDAQ,1640,16588,27326237,17150000,0.0967
002020,코오롱,KOSPI,23700,12450,296158900,12907680,0.0965
080530,코디,KOSDAQ,2450,10625,25466967,11071684,0.096
000815,삼성화재우,KOSPI,392500,2885,1128227750,3007020,0.0959
008040,사조동아원,KOSPI,7420,13496,100620310,14114460,0.0956
053060,세동,KOSDAQ,1236,16868,20725278,17657419,0.0955
140070,서플러스글로벌,KOSDAQ,2315,35261,81901435,36988000,0.0953
200670,휴메딕스,KOSDAQ,26000,10693,277663125,11229930,0.0952
042420,네오위즈홀딩스,KOSDAQ,22000,7746,170255275,8142283,0.0951
0068Y0,비엔케이제3호스팩,KOSDAQ,1992,4095,8167911,4310000,0.095
109610,에스와이,KOSDAQ,1884,46429,87298704,48907400,0.0949
397810,애드포러스,KOSDAQ,6420,4896,31190400,5160770,0.0949
119500,포메탈,KOSDAQ,2360,11212,26495390,11847232,0.0946
090850,현대이지웰,KOSDAQ,4900,21257,104100962,22477903,0.0946
001515,SK증권우,KOSPI,3955,1843,7439415,1956257,0.0942
137080,나래나노텍,KOSDAQ,6230,10079,62851440,10709949,0.0941
139130,iM금융지주,KOSPI,18570,148997,2778266940,158363408,0.0941
060590,씨티씨바이오,KOSDAQ,3040,22748,69897714,24181020,0.0941
123040,엠에스오토텍,KOSDAQ,1692,58897,98606666,62628299,0.094
140520,대창스틸,KOSDAQ,1999,19805,39573571,21109243,0.0938
045660,에이텍,KOSDAQ,8560,7745,66397585,8260000,0.0938
015760,한국전력,KOSPI,30250,600511,18113636850,641964077,0.0935
025770,한국정보통신,KOSDAQ,7860,34991,275360515,37444271,0.0934
035150,백산,KOSPI,10540,18431,194294485,19771079,0.0932
001390,KG케미칼,KOSPI,4230,61636,261545180,66403636,0.0928
024120,KB오토시스,KOSDAQ,3050,10641,32433220,11500000,0.0925
005750,대림바스,KOSPI,4200,15316,64402860,16592240,0.0923
039130,하나투어,KOSPI,30000,14291,428758175,15489932,0.0923
086790,하나금융지주,KOSPI,129000,249960,32197565350,270969910,0.0922
900260,로스웰,KOSDAQ,1905,42432,80546661,46029706,0.0922
064240,홈캐스트,KOSDAQ,1773,31946,56403871,34694251,0.0921
267290,경동도시가스,KOSPI,20850,5428,112885300,5895406,0.0921
028260,삼성물산,KOSPI,342000,148982,51429938500,162167581,0.0919
011785,금호석유화학우,KOSPI,49250,2776,137598350,3023486,0.0918
097950,CJ제일제당,KOSPI,178900,13815,2468957200,15054186,0.0918
048870,시너지이노베이션,KOSDAQ,1593,80762,128476896,88106963,0.0917
048430,유라테크,KOSDAQ,5850,10557,61891450,11520000,0.0916
049720,고려신용정보,KOSDAQ,9090,13071,119021005,14300000,0.0914
081000,일진다이아,KOSPI,9580,12977,124410995,14202975,0.0914
115530,씨엔플러스,KOSDAQ,2800,7826,21921055,8582055,0.0912
043360,디지아이,KOSDAQ,2210,8198,18259865,9000000,0.0911
170030,현대공업,KOSDAQ,4930,13951,69503645,15340000,0.0909
096240,크레버스,KOSDAQ,8400,9311,78267960,10238180,0.0909
205500,넥써쓰,KOSDAQ,1778,75758,136177725,83561797,0.0907
007690,국도화학,KOSPI,38650,8376,323264050,9260832,0.0904
372320,큐로셀,KOSDAQ,22700,13752,317280975,15227152,0.0903
005850,에스엘,KOSPI,51700,41921,2185510900,46448520,0.0903
417790,트루엔,KOSDAQ,6910,9429,64887245,10468391,0.0901
204840,지엘팜텍,KOSDAQ,4150,13968,58065540,15509801,0.0901
176750,듀켐바이오,KOSDAQ,7340,25641,186020825,28488720,0.09
216080,제테마,KOSDAQ,6000,33543,201215905,37287099,0.09
058850,KTcs,KOSPI,2200,37198,81642167,41404450,0.0898
031430,신세계인터내셔날,KOSPI,10480,31409,328815095,34986000,0.0898
127710,아시아경제,KOSDAQ,1410,39497,55602620,44049210,0.0897
000880,한화,KOSPI,126100,47712,6100926200,53328897,0.0895
189690,포시에스,KOSDAQ,1530,24443,37249021,27321969,0.0895
136480,하림,KOSDAQ,2655,94961,252662368,106209702,0.0894
027050,코리아나,KOSDAQ,1281,35758,45916066,40000000,0.0894
384470,코어라인소프트,KOSDAQ,2625,16001,41651910,17946333,0.0892
259960,크래프톤,KOSPI,198200,40885,8075957000,45916188,0.089
065710,서호전기,KOSDAQ,42900,4580,197731725,5150000,0.0889
079160,CJ CGV,KOSPI,4945,147118,732057895,165582797,0.0888
251630,브이원텍,KOSDAQ,3855,14157,54072170,15942886,0.0888
102260,동성케미컬,KOSPI,3695,44980,166623375,50669591,0.0888
054040,한국컴퓨터,KOSDAQ,4435,14223,63285870,16071290,0.0885
066910,손오공,KOSDAQ,1754,13595,23864542,15386632,0.0884
052420,오성첨단소재,KOSDAQ,9650,8562,82469700,9742009,0.0879
099410,동방선기,KOSDAQ,3070,12298,37619225,14000000,0.0878
000400,롯데손해보험,KOSPI,2160,272576,598787350,310336320,0.0878
182360,큐브엔터,KOSDAQ,6290,13651,86702730,15544586,0.0878
307950,현대오토에버,KOSPI,387500,24049,9371930250,27423982,0.0877
323410,카카오뱅크,KOSPI,19940,418321,8344513455,477120437,0.0877
130580,나이스디앤비,KOSDAQ,6920,13502,93053670,15400000,0.0877
234080,JW생명과학,KOSPI,10970,13881,151864010,15834554,0.0877
093640,케이알엠,KOSDAQ,4825,28685,137642262,32843716,0.0873
000700,유수홀딩스,KOSPI,6540,22715,148795760,26041812,0.0872
023410,유진기업,KOSDAQ,3240,67370,219356282,77310863,0.0871
012690,모나리자,KOSPI,1407,31791,44924675,36571255,0.0869
013030,하이록코리아,KOSDAQ,35650,10197,365340550,11768144,0.0866
041930,SY동아,KOSDAQ,4990,13156,65537405,15200000,0.0866
239890,피엔에이치테크,KOSDAQ,3750,8593,32081573,9935755,0.0865
005300,롯데칠성,KOSPI,94800,8001,763226900,9278884,0.0862
192080,더블유게임즈,KOSPI,56900,18198,1038090200,21173468,0.0859
357250,미래에셋맵스리츠,KOSPI,1838,21428,39669788,24995105,0.0857
078070,유비쿼스홀딩스,KOSDAQ,9180,14607,133263075,17058843,0.0856
091120,이엠텍,KOSDAQ,5680,14641,83546515,17132936,0.0855
002390,한독,KOSPI,8600,11750,102561360,13763533,0.0854
118000,메타케어,KOSPI,1205,18753,22793159,22055785,0.085
338840,와이바이오로직스,KOSDAQ,8330,13088,111199030,15403863,0.085
023590,다우기술,KOSPI,38300,36745,1411033175,43287312,0.0849
011210,현대위아,KOSPI,53400,23066,1239019450,27195083,0.0848
000480,CR홀딩스,KOSPI,4315,39724,173091890,46890490,0.0847
068930,디지털대성,KOSDAQ,9110,23377,215295545,27675342,0.0845
214270,FSN,KOSDAQ,1392,38223,53039092,45251636,0.0845
099190,아이센스,KOSDAQ,16580,24948,421473970,29573613,0.0844
055550,신한지주,KOSPI,103500,393747,40871422400,469450239,0.0839
004690,삼천리,KOSPI,127000,3039,384890300,3626777,0.0838
089470,HDC현대EP,KOSPI,3800,26664,101588430,31900000,0.0836
069620,대웅제약,KOSPI,108100,9683,1051427500,11586575,0.0836
466410,사이냅소프트,KOSDAQ,8790,4181,36725650,5037023,0.083
079940,가비아,KOSDAQ,38900,11122,436526100,13420684,0.0829
091700,파트론,KOSDAQ,5240,41408,217234735,50000000,0.0828
004990,롯데지주,KOSPI,23350,82381,1933536075,99663776,0.0827
282720,금양그린파워,KOSDAQ,7810,10003,78177340,12119500,0.0825
012750,에스원,KOSPI,84200,31288,2634319600,37999178,0.0823
138070,신진에스엠,KOSDAQ,1413,14384,20490893,17503204,0.0822
474490,유안타제16호스팩,KOSDAQ,2087,4501,9380753,5510000,0.0817
003520,영진약품,KOSPI,1035,149038,154979829,182892731,0.0815
097870,효성오앤비,KOSDAQ,4340,6892,30000015,8490000,0.0812
088980,맥쿼리인프라,KOSPI,9760,387227,3785389160,478921993,0.0809
092460,한라IMS,KOSDAQ,17040,13808,235319260,17109680,0.0807
378850,화승알앤에이,KOSPI,2810,15320,43415420,18993623,0.0807
0126Z0,삼성에피스홀딩스,KOSPI,366500,20020,7379694000,24883049,0.0805
086900,메디톡스,KOSDAQ,67400,5857,394093800,7298497,0.0802
024830,세원물산,KOSDAQ,8160,6691,54047130,8350000,0.0801
005960,동부건설,KOSPI,8390,18372,154148240,22946663,0.0801
196450,코아시아씨엠,KOSDAQ,3800,7253,27569725,9064000,0.08
476080,M83,KOSDAQ,4145,6452,26774165,8077000,0.0799
191420,테고사이언스,KOSDAQ,7120,6440,47201580,8108834,0.0794
004380,삼익THK,KOSPI,7830,16437,130063770,20700000,0.0794
137310,에스디바이오센서,KOSPI,6430,95841,619098385,120749102,0.0794
067390,아스트,KOSDAQ,5780,33400,193572380,42115757,0.0793
000210,DL,KOSPI,49350,16588,823947575,20955884,0.0792
123860,아나패스,KOSDAQ,12760,9593,123819190,12123415,0.0791
163560,동일고무벨트,KOSPI,5570,10995,61252920,13900000,0.0791
000070,삼양홀딩스,KOSPI,57100,6126,350003100,7763191,0.0789
101930,인화정공,KOSDAQ,6250,36032,227452745,45694671,0.0789
005250,녹십자홀딩스,KOSPI,9690,37075,363003470,47028210,0.0788
071055,한국금융지주우,KOSPI,142200,4616,659667400,5858251,0.0788
038950,파인디지털,KOSDAQ,2865,8022,22773115,10210765,0.0786
006120,SK디스커버리,KOSPI,67400,13665,921551250,17413751,0.0785
282330,BGF리테일,KOSPI,126700,13561,1724544450,17283906,0.0785
089600,KT나스미디어,KOSDAQ,12470,8942,110832230,11406560,0.0784
148150,세경하이테크,KOSDAQ,3950,27819,110479355,35542818,0.0783
326030,SK바이오팜,KOSPI,75700,61200,4669707250,78313250,0.0781
012620,원일특강,KOSDAQ,7290,3436,24826370,4400000,0.0781
031310,아이즈비전,KOSDAQ,1001,23200,23247595,29746651,0.078
286750,나노실리칸첨단소재,KOSDAQ,2580,12475,31885380,16014428,0.0779
002810,삼영무역,KOSPI,21450,14383,305193200,18466948,0.0779
057680,티사이언티픽,KOSDAQ,1700,12298,21086941,15792909,0.0779
298050,HS효성첨단소재,KOSPI,164200,3480,571222400,4479948,0.0777
000270,기아,KOSPI,112300,302744,34236015000,390412998,0.0775
032620,GC메디아이,KOSDAQ,3245,40442,131135953,52197139,0.0775
160550,NEW,KOSDAQ,999,21542,21495038,27906106,0.0772
060980,HL홀딩스,KOSPI,37800,6908,261828200,8956347,0.0771
237750,피앤씨테크,KOSDAQ,3515,5005,17395940,6496600,0.077
049520,유아이엘,KOSDAQ,3710,23755,87948740,30842625,0.077
108670,LX하우시스,KOSPI,32950,6904,229753450,8967670,0.077
215480,토박스코리아,KOSDAQ,2065,8268,17219955,10740000,0.077
071200,인피니트헬스케어,KOSDAQ,11900,18777,222167060,24396458,0.077
010100,한국무브넥스,KOSPI,3455,23328,80568856,30450420,0.0766
000230,일동홀딩스,KOSPI,6280,8798,55171420,11540400,0.0762
153490,우리이앤엘하루틴,KOSDAQ,3015,7848,23492940,10296000,0.0762
003545,대신증권우,KOSPI,20100,18574,371653185,24383334,0.0762
054090,삼진엘앤디,KOSDAQ,1007,18992,18973187,24959232,0.0761
122900,아이마켓코리아,KOSPI,8160,25433,207908495,33428840,0.0761
069640,한세엠케이,KOSPI,1395,16510,22811841,21735481,0.076
183190,아세아시멘트,KOSPI,9930,27304,273367710,35978272,0.0759
079430,현대리바트,KOSPI,5600,15264,85164840,20114202,0.0759
001530,DI동일,KOSPI,25800,15674,401837925,20715621,0.0757
014830,유니드,KOSPI,60300,5110,310008200,6767600,0.0755
214420,토니모리,KOSPI,5050,18144,91715525,24054799,0.0754
309960,LB인베스트먼트,KOSDAQ,4330,17490,75508520,23217239,0.0753
301300,바이브컴퍼니,KOSDAQ,1617,9888,15758892,13154712,0.0752
139670,키네마스터,KOSDAQ,1917,10568,20244623,14118810,0.0749
087600,픽셀플러스,KOSDAQ,3895,6112,23257805,8166558,0.0748
037370,EG,KOSDAQ,4290,6445,27604495,8624972,0.0747
069140,누리플랜,KOSDAQ,1700,11276,19154713,15095804,0.0747
009320,아진전자부품,KOSPI,949,36792,35097524,49299770,0.0746
005830,DB손해보험,KOSPI,181900,48708,8908051500,65500349,0.0744
214320,이노션,KOSPI,17960,29732,535420515,40000000,0.0743
000640,동아쏘시오홀딩스,KOSPI,93200,5002,469780750,6732527,0.0743
339770,교촌에프앤비,KOSPI,3900,36746,143154200,49965080,0.0735
388610,지에프씨생명과학,KOSDAQ,5500,3915,21673120,5325383,0.0735
003240,태광산업,KOSPI,904000,817,740975000,1113400,0.0734
362320,청담글로벌,KOSDAQ,4195,15180,63625290,20692917,0.0734
161390,한국타이어앤테크놀로지,KOSPI,59900,90864,5448094200,123875069,0.0734
051360,토비스,KOSDAQ,11780,6858,81154270,9360612,0.0733
045340,토탈소프트,KOSDAQ,6770,6270,42507150,8558040,0.0733
340360,다보링크,KOSDAQ,850,39213,33895887,53623872,0.0731
440290,HB인베스트먼트,KOSDAQ,1710,20108,34522810,27506430,0.0731
039010,현대에이치티,KOSDAQ,8185,6294,51346040,8625000,0.073
0097F0,미래에셋비전스팩10호,KOSDAQ,1985,4743,9436449,6500000,0.073
017370,우신시스템,KOSPI,3575,13320,47670630,18314054,0.0727
050860,아세아텍,KOSDAQ,1706,16331,27875280,22500000,0.0726
002690,동일제강,KOSPI,1305,14670,19270216,20300360,0.0723
011280,태림포장,KOSPI,1490,51137,74830689,70805940,0.0722
241690,유니테크노,KOSDAQ,2600,17671,46189297,24470706,0.0722
352090,스톰테크,KOSDAQ,3640,19316,70570145,26872998,0.0719
100220,비상교육,KOSPI,5010,9334,46566805,12996741,0.0718
038390,레드캡투어,KOSDAQ,9910,11989,119064460,16720822,0.0717
009270,신원,KOSPI,1094,82268,89695810,114770393,0.0717
093520,매커스,KOSDAQ,29400,8516,248331350,11901837,0.0716
018620,우진비앤지,KOSDAQ,2690,4944,13160294,6932982,0.0713
361670,삼영에스앤씨,KOSDAQ,3925,4040,15802200,5667658,0.0713
090410,덕신이피씨,KOSDAQ,3350,6562,22134025,9216819,0.0712
002025,코오롱우,KOSPI,12930,826,10661410,1160437,0.0712
009240,한샘,KOSPI,40000,16738,670728700,23533928,0.0711
006060,화승인더,KOSPI,2250,39160,87681380,55320000,0.0708
016090,대현,KOSPI,1410,31309,44139975,44282310,0.0707
078130,국일제지,KOSDAQ,3830,79636,302232742,112740587,0.0706
011420,갤럭시아에스엠,KOSPI,1400,19399,27529637,27549644,0.0704
032830,삼성생명,KOSPI,285000,140735,40062382500,200000000,0.0704
012630,HDC,KOSPI,23150,41998,984575350,59741721,0.0703
007720,소노스퀘어,KOSDAQ,1093,14129,15644408,20160090,0.0701
133820,화인베스틸,KOSPI,986,25946,25525710,37114502,0.0699
002380,KCC,KOSPI,474500,6003,2857777750,8592896,0.0699
461030,아이엠비디엑스,KOSDAQ,3005,10010,29843992,14334517,0.0698
075970,동국알앤에스,KOSDAQ,1672,12800,21393296,18400000,0.0696
017940,E1,KOSPI,91100,4763,429734850,6860000,0.0694
357430,마스턴프리미어리츠,KOSPI,769,21143,16476543,30505307,0.0693
066130,하츠,KOSDAQ,3490,8859,30869082,12800000,0.0692
103840,우양,KOSDAQ,1580,11269,17764241,16366428,0.0689
007340,DN오토모티브,KOSPI,50200,40225,2036790500,58510865,0.0687
003555,LG우,KOSPI,68100,2066,140597000,3011199,0.0686
002790,아모레퍼시픽홀딩스,KOSPI,24800,52436,1310735400,76458180,0.0686
473980,노머스,KOSDAQ,10340,7454,77186910,10882752,0.0685
241560,두산밥캣,KOSPI,55100,65639,3633339950,95856065,0.0685
004360,세방,KOSPI,13350,13061,175100590,19115603,0.0683
086060,진바이오텍,KOSDAQ,4985,5883,29028545,8610587,0.0683
153710,옵티팜,KOSDAQ,4465,10014,44477930,14669958,0.0683
039310,세중,KOSDAQ,1181,12354,14672761,18121667,0.0682
000430,대원강업,KOSPI,4430,42248,188246343,62000000,0.0681
025000,KPX케미칼,KOSPI,57300,2824,161288400,4146735,0.0681
052220,iMBC,KOSDAQ,1640,15637,25611586,23000000,0.068
017390,서울가스,KOSPI,54100,3362,181223000,4950000,0.0679
005725,넥센우,KOSPI,4420,2441,10765970,3600600,0.0678
080520,오디텍,KOSDAQ,2835,7652,21839220,11322417,0.0676
043910,자연과환경,KOSDAQ,3210,7657,24476420,11339145,0.0675
019175,신풍제약우,KOSPI,14150,1344,18849490,1991230,0.0675
004960,한신공영,KOSPI,10920,7780,84989935,11570702,0.0672
005720,넥센,KOSPI,6380,35175,224834555,52543977,0.0669
016740,두올,KOSPI,3995,19180,75753670,28674024,0.0669
060850,영림원소프트랩,KOSDAQ,4380,5438,23667025,8131000,0.0669
083790,CG인바이츠,KOSDAQ,944,51345,48195982,76894182,0.0668
043590,웰킵스하이텍,KOSDAQ,1639,9060,14678900,13568381,0.0668
417180,핑거스토리,KOSDAQ,3925,3811,15293795,5714889,0.0667
475560,더본코리아,KOSPI,14230,9878,141156215,14827970,0.0666
002760,보락,KOSPI,995,39773,39743111,59900000,0.0664
036120,서울평가정보,KOSDAQ,1548,23271,35971463,35145000,0.0662
236810,엔비티,KOSDAQ,1578,11237,17924572,16975426,0.0662
076080,웰크론한텍,KOSDAQ,1020,14954,15188145,22594156,0.0662
109740,디에스케이,KOSDAQ,3995,16987,67749952,25710390,0.0661
052330,코텍,KOSDAQ,10410,11734,121859770,17761589,0.0661
466690,키움히어로제1호스팩,KOSDAQ,2020,3359,6724492,5095000,0.0659
020180,대신정보통신,KOSDAQ,3885,5064,19686340,7685783,0.0659
108380,대양전기공업,KOSDAQ,18730,6287,117886680,9567333,0.0657
131180,딜리,KOSDAQ,4145,3857,15738190,5870000,0.0657
067830,세이브존I&C,KOSPI,2350,26873,62259765,41040895,0.0655
0037T0,KB제32호스팩,KOSDAQ,1990,4116,8206983,6330000,0.065
258610,케일럼,KOSDAQ,1206,23629,28366366,36485063,0.0648
065510,휴비츠,KOSDAQ,6990,7043,49476590,10877895,0.0647
146060,율촌,KOSDAQ,1076,15540,16659247,24015595,0.0647
198080,캐프,KOSDAQ,2100,13928,29316864,21535185,0.0647
372800,아이티아이즈,KOSDAQ,2920,4548,13399105,7037189,0.0646
453340,현대그린푸드,KOSPI,18790,20984,396233050,32471587,0.0646
211050,인카금융서비스,KOSDAQ,9810,31789,311287910,49263657,0.0645
408900,스튜디오미르,KOSDAQ,989,21092,21133082,32752929,0.0644
084850,아이티엠반도체,KOSDAQ,7970,14579,116639720,22682934,0.0643
003470,유안타증권,KOSPI,4320,123836,539386915,192680102,0.0643
037330,인지디스플레,KOSDAQ,716,28169,19766210,43885224,0.0642
013000,세우글로벌,KOSPI,1202,18418,22104070,28705031,0.0642
070590,인티큐브,KOSDAQ,2110,8905,18773835,13879521,0.0642
066360,체리부로,KOSDAQ,1460,15350,22539350,23976007,0.064
424960,스마트레이더시스템,KOSDAQ,3960,10547,41664940,16485110,0.064
016670,디모아,KOSDAQ,2695,6482,17339055,10194234,0.0636
0071M0,삼성스팩11호,KOSDAQ,1996,3655,7295611,5760000,0.0635
205470,휴마시스,KOSDAQ,2630,15652,41494465,24675001,0.0634
067280,멀티캠퍼스,KOSDAQ,26100,3750,97647925,5926779,0.0633
000050,경방,KOSPI,7940,17296,137677900,27415270,0.0631
481070,에이유브랜즈,KOSDAQ,13920,9045,126120010,14361800,0.063
194370,제이에스코퍼레이션,KOSPI,12530,18232,230089810,29016758,0.0628
000325,노루홀딩스우,KOSPI,28500,153,4389400,243559,0.0628
014970,삼륭물산,KOSDAQ,4390,9309,41033250,14825000,0.0628
332370,아이디피,KOSDAQ,5100,8325,42093470,13273726,0.0627
120240,대정화금,KOSDAQ,14800,4509,66747800,7190391,0.0627
002880,디와이에이,KOSPI,3795,5858,22277132,9354799,0.0626
403550,쏘카,KOSPI,11190,23672,271476940,37939942,0.0624
217270,넵튠,KOSDAQ,2475,28436,69034915,45654357,0.0623
018500,동원모빌리티,KOSPI,1372,29031,39613738,46754933,0.0621
348150,고바이오랩,KOSDAQ,2995,12047,36141156,19418889,0.062
002320,한진,KOSPI,15620,9592,149977780,15518616,0.0618
007330,푸른저축은행,KOSDAQ,9910,9321,92428570,15082800,0.0618
092440,기신정기,KOSPI,1831,18014,32979514,29200000,0.0617
286940,롯데이노베이트,KOSPI,17260,9316,161386610,15129367,0.0616
029480,광무,KOSDAQ,1391,36708,50999694,59719132,0.0615
030190,NICE평가정보,KOSPI,16220,35799,583852470,58268741,0.0614
110020,전진바이오팜,KOSDAQ,2130,5565,11963160,9058762,0.0614
007070,GS리테일,KOSPI,22100,51269,1131054050,83607415,0.0613
100700,세운메디칼,KOSDAQ,2330,26805,62059110,43800000,0.0612
067730,로지시스,KOSDAQ,2165,5908,12800290,9673922,0.0611
001720,신영증권,KOSPI,140500,10024,1415191050,16440000,0.061
272450,진에어,KOSPI,5810,31784,185495030,52200000,0.0609
415380,스튜디오삼익,KOSDAQ,2145,6963,14972315,11442975,0.0608
0101C0,하나36호스팩,KOSDAQ,1977,4707,9352490,7740000,0.0608
238200,비피도,KOSDAQ,2660,4969,13008405,8180000,0.0607
018260,삼성에스디에스,KOSPI,218500,46920,10284125750,77377800,0.0606
051380,피씨디렉트,KOSDAQ,1499,9300,13952405,15340072,0.0606
066700,테라젠이텍스,KOSDAQ,2250,22522,50816435,37152376,0.0606
950130,엑세스바이오,KOSDAQ,2190,21307,46655440,35173834,0.0606
081660,미스토홀딩스,KOSPI,38600,32089,1236845750,53091840,0.0604
241590,화승엔터프라이즈,KOSPI,2645,36591,97807690,60589276,0.0604
105630,한세실업,KOSPI,8820,24104,212762490,40000000,0.0603
085810,알티캐스트,KOSDAQ,1425,8508,11796801,14136953,0.0602
069730,DSR제강,KOSPI,5400,8662,46821920,14400000,0.0602
038010,제일테크노스,KOSDAQ,5410,5413,29455820,9000000,0.0601
067900,와이엔텍,KOSDAQ,5870,10936,64303370,18199659,0.0601
082210,옵트론텍,KOSDAQ,1795,20997,36949276,34963330,0.0601
071850,캐스텍코리아,KOSDAQ,1207,14549,17491469,24260938,0.06
196700,웹스,KOSDAQ,1281,8573,10864497,14364144,0.0597
009410,태영건설,KOSPI,1618,190459,309331745,319453137,0.0596
002630,오리엔트바이오,KOSPI,1664,17621,29600713,29645751,0.0594
383220,F&F,KOSPI,70800,22738,1598444250,38307075,0.0594
219550,디와이디,KOSDAQ,1202,24558,29451504,41379210,0.0593
000080,하이트진로,KOSPI,14720,41571,613466185,70133611,0.0593
189980,흥국에프엔비,KOSDAQ,1152,23789,27431740,40137827,0.0593
289220,자이언트스텝,KOSDAQ,918,13212,12123214,22312221,0.0592
019540,일지테크,KOSDAQ,5120,7992,40793760,13513500,0.0591
263810,상신전자,KOSDAQ,2575,9414,24232827,15924825,0.0591
335870,윙스풋,KOSDAQ,4110,1978,8112426,3350094,0.059
003220,대원제약,KOSPI,7870,13163,103405150,22427583,0.0587
443250,레뷰코퍼레이션,KOSDAQ,5110,6338,32391200,10809817,0.0586
088910,동우팜투테이블,KOSDAQ,1968,15043,29587895,25721764,0.0585
017480,삼현철강,KOSDAQ,4670,9014,42164860,15442890,0.0584
950190,고스트스튜디오,KOSDAQ,9750,7589,73893110,13017059,0.0583
263700,케어랩스,KOSDAQ,2200,11313,24830316,19414200,0.0583
038620,위즈코프,KOSDAQ,2100,8822,18728925,15145893,0.0582
377450,리파인,KOSDAQ,14200,10087,143880930,17330000,0.0582
009680,모토닉,KOSPI,10010,12632,126370410,21733094,0.0581
024070,WISCOM,KOSPI,1982,8896,17693692,15326438,0.058
101140,인바이오젠,KOSPI,5040,5805,29088555,10044216,0.0578
049120,파인디앤씨,KOSDAQ,2875,7331,20879870,12688620,0.0578
376980,원티드랩,KOSDAQ,3175,5633,17780100,9766394,0.0577
079950,인베니아,KOSDAQ,1462,7955,11569510,13799100,0.0576
193250,링크드,KOSDAQ,1900,7707,14515282,13368933,0.0576
221800,지구홀딩스,KOSDAQ,3805,9388,35778135,16318851,0.0575
013120,동원개발,KOSDAQ,2100,52235,110454345,90808100,0.0575
085620,미래에셋생명,KOSPI,20250,77242,1544425670,135180000,0.0571
0105P0,유진스팩12호,KOSDAQ,1996,3222,6441318,5660000,0.0569
238090,앤디포스,KOSDAQ,1760,17341,30553815,30490440,0.0569
334890,이지스밸류플러스리츠,KOSPI,3555,39496,141370905,69448683,0.0569
151860,KG에코솔루션,KOSDAQ,5390,27072,146824730,47603002,0.0569
263770,유에스티,KOSDAQ,1683,13472,22752927,23700172,0.0568
003550,LG,KOSPI,114900,85744,9820874850,151192004,0.0567
002290,삼일기업공사,KOSDAQ,3335,7031,23366831,12400000,0.0567
365550,ESR켄달스퀘어리츠,KOSPI,3120,139059,431928610,246089000,0.0565
006880,신송홀딩스,KOSPI,4240,6660,28333955,11828858,0.0563
014790,HL D&I,KOSPI,2490,21295,53157485,37858601,0.0562
010780,아이에스동서,KOSPI,14780,16712,245963995,29724668,0.0562
071320,지역난방공사,KOSPI,79000,6504,516536400,11578744,0.0562
036530,SNT홀딩스,KOSPI,44850,9135,412067825,16303886,0.056
225570,넥슨게임즈,KOSDAQ,10810,36849,398883250,65860174,0.056
145990,삼양사,KOSPI,46050,5759,265138350,10313449,0.0558
458650,성우,KOSDAQ,7850,8401,65272935,15045670,0.0558
123750,알톤,KOSDAQ,1734,7704,13223064,13819259,0.0557
271940,일진하이솔루스,KOSPI,11780,20213,237805750,36313190,0.0557
362990,드림인사이트,KOSDAQ,1184,9337,11041464,16800574,0.0556
005820,원림,KOSPI,14550,1274,18466620,2297970,0.0554
030960,양지사,KOSDAQ,4655,8857,41256555,15980000,0.0554
462980,아이지넷,KOSDAQ,1667,10081,16847806,18234437,0.0553
086280,현대글로비스,KOSPI,200500,41348,8299887600,75000000,0.0551
317450,명인제약,KOSPI,43200,8048,350107100,14600000,0.0551
294140,레몬,KOSDAQ,2805,13700,38769265,24914818,0.055
293940,신한알파리츠,KOSPI,5500,66386,365303240,120940123,0.0549
016250,SGC E&C,KOSDAQ,11880,2755,32890495,5036986,0.0547
016600,큐캐피탈,KOSDAQ,2265,7635,17290340,13961601,0.0547
234100,폴라리스세원,KOSDAQ,2580,7985,20692340,14601636,0.0547
075180,새론오토모티브,KOSPI,2900,10490,30606650,19200000,0.0546
053580,웹케시,KOSDAQ,7230,7075,51070060,12954436,0.0546
363260,모비데이즈,KOSDAQ,4090,3510,14389670,6432753,0.0546
017250,인터엠,KOSDAQ,1054,11473,12082211,21045467,0.0545
012320,경동인베스트,KOSPI,43550,1287,56004600,2365023,0.0544
377300,카카오페이,KOSPI,40200,73505,2963179000,135300622,0.0543
418470,KT밀리의서재,KOSDAQ,9310,4646,43420240,8565789,0.0542
044480,빌리언스,KOSDAQ,3075,3594,11134380,6650183,0.054
008490,서흥,KOSPI,20100,6231,125840325,11569113,0.0539
214260,라파스,KOSDAQ,7510,4802,36111215,8922463,0.0538
177900,쓰리에이로직스,KOSDAQ,3750,5176,19350315,9627600,0.0538
096630,에스코넥,KOSDAQ,1664,8530,14200172,15876323,0.0537
208140,정다운,KOSDAQ,2260,17435,39405625,32684246,0.0533
271980,제일약품,KOSPI,9960,7834,78238380,14704872,0.0533
030200,KT,KOSPI,51500,134119,6948607320,252021685,0.0532
415640,KB발해인프라,KOSPI,9950,65054,649661385,122545548,0.0531
200880,서연이화,KOSPI,11190,14346,161477770,27028437,0.0531
013520,화승코퍼레이션,KOSPI,2560,26554,67499570,50051252,0.0531
040420,정상제이엘에스,KOSDAQ,5830,8290,48310920,15677552,0.0529
024720,콜마홀딩스,KOSPI,9180,18133,167754320,34296259,0.0529
200130,콜마비앤에이치,KOSDAQ GLOBAL,8050,15150,121977950,28775558,0.0526
007575,일양약품우,KOSPI,8000,233,1801540,445080,0.0524
365900,브이씨,KOSDAQ,2535,3823,9482350,7310300,0.0523
252500,세화피앤씨,KOSDAQ,2285,4306,9709370,8297278,0.0519
001790,대한제당,KOSPI,2780,44740,124358697,86241915,0.0519
010770,평화홀딩스,KOSPI,3525,7578,26665640,14625466,0.0518
030210,다올투자증권,KOSPI,3935,31551,123507790,60911106,0.0518
100250,진양홀딩스,KOSPI,3030,33087,100401235,63900000,0.0518
070960,모나용평,KOSPI,1974,24830,49488192,48133333,0.0516
331520,밸로프,KOSDAQ,2200,5046,10993235,9801186,0.0515
043370,피에이치에이,KOSDAQ,11140,10789,121459350,21000000,0.0514
238490,힘스,KOSDAQ,2345,5810,13540119,11312236,0.0514
033270,유나이티드제약,KOSPI,17540,8167,143487270,15910775,0.0513
033920,무학,KOSPI,7290,14571,106433060,28500000,0.0511
049550,잉크테크,KOSDAQ,3485,10018,34578185,19606277,0.0511
275630,에스에스알,KOSDAQ,3740,2684,10192460,5253808,0.0511
303530,이노뎁,KOSDAQ,3035,3734,11241585,7339299,0.0509
186230,그린플러스,KOSDAQ,3197,5548,17806033,10920188,0.0508
019570,GMI벤처,KOSDAQ,2935,4847,13887135,9545004,0.0508
499790,GS피앤엘,KOSPI,37950,10018,381353500,19830841,0.0505
023350,한국종합기술,KOSPI,3745,5524,20618600,10950000,0.0504
417310,코람코더원리츠,KOSPI,2375,20270,48160125,40400000,0.0502
302440,SK바이오사이언스,KOSPI,36900,39291,1459592525,78456553,0.0501
005800,신영와코루,KOSPI,13400,4503,59858870,9000000,0.05
090370,메타랩스,KOSPI,1170,13642,16030263,27304689,0.05
276730,한울앤제주,KOSDAQ,838,11795,9931197,23607980,0.05
069260,TKG휴켐스,KOSPI,15890,20406,325250130,40878588,0.0499
036420,콘텐트리중앙,KOSPI,1573,9600,15176013,19262308,0.0498
083660,CSA 코스믹,KOSDAQ,1403,8678,12196751,17424159,0.0498
007815,코리아써우,KOSPI,22200,1473,32514850,2964690,0.0497
293480,하나제약,KOSPI,8440,8823,74033830,17772946,0.0496
005680,삼영전자,KOSPI,12490,9913,123686160,20000000,0.0496
003090,대웅,KOSPI,15240,28777,442342195,58141980,0.0495
063440,SM Life Design,KOSDAQ,1093,22429,24574743,45319364,0.0495
001465,BYC우,KOSPI,26350,1065,28142800,2153850,0.0494
009160,SIMPAC,KOSPI,4985,32218,158936415,65370968,0.0493
002150,도화엔지니어링,KOSPI,4975,16610,82648695,33720000,0.0493
002350,넥센타이어,KOSPI,5750,48106,277685085,97667877,0.0493
357120,코람코라이프인프라리츠,KOSPI,4030,47936,193801129,97335354,0.0492
079980,휴비스,KOSPI,1920,16953,32683612,34500000,0.0491
032640,LG유플러스,KOSPI,14570,208304,3043577530,424427732,0.0491
484130,하나34호스팩,KOSDAQ,2035,2216,4510625,4520000,0.049
419120,산돌,KOSDAQ,2295,6957,15970060,14223089,0.0489
032800,판타지오,KOSDAQ,1497,7357,11024747,15107024,0.0487
036190,금화피에스시,KOSDAQ,33550,2921,97817600,6000000,0.0487
080010,이상네트웍스,KOSDAQ,7230,4748,34497380,9835071,0.0483
221980,케이디켐,KOSDAQ,9350,1940,18133870,4034800,0.0481
024110,기업은행,KOSPI,20150,383198,7705825675,797425869,0.0481
487720,키움제10호스팩,KOSDAQ,2065,2024,4167630,4230000,0.0478
014470,부방,KOSDAQ,1073,27275,29210739,57049640,0.0478
006980,우성,KOSPI,16850,1477,24986520,3090000,0.0478
111380,동인기연,KOSPI,12840,2923,37376880,6128000,0.0477
054800,아이디스홀딩스,KOSDAQ,14505,4933,71933045,10347756,0.0477
241840,에이스토리,KOSDAQ,2200,4541,10023960,9539994,0.0476
011040,경동제약,KOSDAQ,5020,14625,73249685,30768766,0.0475
477340,에이치엠씨제7호스팩,KOSDAQ,2065,3569,7376215,7510000,0.0475
108675,LX하우시스우,KOSPI,18220,490,8946610,1032330,0.0475
334970,프레스티지바이오로직스,KOSDAQ,1420,36856,52913616,77752637,0.0474
459100,위츠,KOSDAQ,4050,6380,25758815,13466100,0.0474
009415,태영건설우,KOSPI,6060,307,1868310,649974,0.0472
0099W0,미래에셋비전스팩11호,KOSDAQ,1984,3300,6567703,7000000,0.0471
014285,금강공업우,KOSPI,5430,277,1522270,589875,0.047
383800,LX홀딩스,KOSPI,8000,35716,286423430,76280690,0.0468
45226K,한화갤러리아우,KOSPI,4425,1354,5987055,2904470,0.0466
001750,한양증권,KOSPI,19160,7038,134814120,15109486,0.0466
002030,아세아,KOSPI,200500,959,193413750,2058852,0.0466
473950,에스케이증권제13호스팩,KOSDAQ,2060,2054,4221840,4420000,0.0465
001045,CJ우,KOSPI,66600,1050,69873900,2260223,0.0465
109860,동일금속,KOSDAQ,7490,4225,31649820,9100000,0.0464
065060,지엔코,KOSDAQ,3215,2768,9081170,5990386,0.0462
126720,수산인더스트리,KOSPI,21350,6587,140950100,14286000,0.0461
045060,오공,KOSDAQ,2090,7803,16276687,16941974,0.0461
180640,한진칼,KOSPI,132100,30736,4058333100,66762275,0.046
136410,아셈스,KOSDAQ,3710,5066,18904860,11019106,0.046
003547,대신증권2우B,KOSPI,19160,4416,84659390,9606666,0.046
011370,서한,KOSDAQ,3730,9268,34741570,20178973,0.0459
347890,엠엑스온,KOSDAQ,4455,7803,34425489,17013204,0.0459
460850,동국씨엠,KOSPI,5390,13710,74104335,29898656,0.0459
452400,이닉스,KOSDAQ,5340,4149,22047330,9071428,0.0457
138040,메리츠금융지주,KOSPI,129900,76315,9912303800,167347273,0.0456
054050,NH농우바이오,KOSDAQ,7110,7262,51712285,16030561,0.0453
065680,우주일렉트로,KOSDAQ,24700,4095,101837900,9040471,0.0453
000105,유한양행우,KOSPI,65300,520,33604000,1148340,0.0453
021045,대호특수강우,KOSDAQ,1993,384,762433,848492,0.0453
011200,HMM,KOSPI,21350,424285,9057564100,943237970,0.045
004590,한국가구,KOSDAQ,5250,6727,35305970,15000000,0.0448
036670,삼양케이씨아이,KOSDAQ,5120,4824,24564990,10760200,0.0448
095720,웅진씽크빅,KOSPI,1187,25446,30251536,56827085,0.0448
187270,신화콘텍,KOSDAQ,2875,4532,13087795,10143845,0.0447
065690,파커스,KOSDAQ,1875,5366,10050078,12014507,0.0447
288620,에스프리즘,KOSDAQ,3970,3116,12365890,6979316,0.0446
009460,한창제지,KOSPI,2745,5499,15126600,12339686,0.0446
063170,서울옥션,KOSDAQ,5530,7919,43928220,17774267,0.0446
001070,대한방직,KOSPI,5670,2349,13344535,5300000,0.0443
38380K,LX홀딩스1우,KOSPI,7590,649,4931840,1465285,0.0443
041910,폴라리스AI파마,KOSDAQ,5540,5880,32590305,13283350,0.0443
308170,씨티알모빌리티,KOSPI,3345,3809,12760230,8610000,0.0442
002795,아모레퍼시픽홀딩스우,KOSPI,11030,2820,31027690,6381172,0.0442
007310,오뚜기,KOSPI,314000,1758,554929000,4007830,0.0439
024950,삼천리자전거,KOSDAQ,4135,5437,22645025,12400000,0.0438
404990,신한서부티엔디리츠,KOSPI,3810,27002,102834665,61627860,0.0438
206640,바디텍메드,KOSDAQ,9710,9586,93647965,21907921,0.0438
086710,선진뷰티사이언스,KOSDAQ,6980,5332,37222195,12203280,0.0437
227840,현대코퍼레이션홀딩스,KOSPI,12590,3958,50142770,9100836,0.0435
274400,이노시뮬레이션,KOSDAQ,2205,3939,8616635,9086493,0.0434
024910,경창산업,KOSDAQ,1510,15505,23406306,35819005,0.0433
000680,LS네트웍스,KOSPI,2970,34054,101346250,78803016,0.0432
064480,브리지텍,KOSDAQ,2590,5163,13357827,11952500,0.0432
092230,KPX홀딩스,KOSPI,94600,1705,162147100,3948809,0.0432
336060,웨이버스,KOSDAQ,3120,4145,12930275,9631040,0.043
088390,이녹스,KOSDAQ,8330,4035,33430530,9385844,0.043
298060,풍전약품,KOSDAQ,2350,4138,9721625,9637447,0.0429
069510,에스텍,KOSDAQ,13260,4680,62287570,10910000,0.0429
0044K0,삼성스팩10호,KOSDAQ,1995,3224,6432103,7520000,0.0429
072470,우리산업홀딩스,KOSDAQ,2375,8091,19083865,18887341,0.0428
084730,팅크웨어,KOSDAQ,6900,4759,32688415,11109424,0.0428
007590,동방아그로,KOSPI,5530,5794,31998040,13617577,0.0425
007370,진양제약,KOSDAQ,3975,6006,23810390,14134587,0.0425
331380,포커스에이아이,KOSDAQ,2105,15646,32692970,36960227,0.0423
153460,네이블,KOSDAQ,5400,2764,14928245,6530014,0.0423
001500,현대차증권,KOSPI,7785,26125,204301045,61833044,0.0423
072990,에이치시티,KOSDAQ,3135,6108,19204800,14498206,0.0421
314930,바이오다인,KOSDAQ,6820,12514,85008395,29764103,0.042
006125,SK디스커버리우,KOSPI,43700,517,22453550,1231705,0.042
002840,미원상사,KOSPI,135000,1883,255219200,4500000,0.0418
460870,에스엠씨지,KOSDAQ,3000,8397,25338680,20073304,0.0418
009970,영원무역홀딩스,KOSPI,163000,5418,880197800,12953817,0.0418
129260,인터지스,KOSPI,1897,12434,23645545,29747874,0.0418
039740,한국정보공학,KOSDAQ,2965,3315,9756455,8018397,0.0413
003495,대한항공우,KOSPI,21850,459,10030350,1110791,0.0413
487360,신한제14호스팩,KOSDAQ,2030,2330,4719940,5640000,0.0413
083550,케이엠,KOSDAQ,3300,5590,18288780,13556165,0.0412
432980,엠에프씨,KOSDAQ,2610,3537,9214500,8591742,0.0412
016580,환인제약,KOSPI,10100,7636,77356930,18600070,0.0411
018310,삼목에스폼,KOSDAQ,14970,6009,90256460,14700000,0.0409
950210,프레스티지바이오파마,KOSPI,5890,24557,147289185,60096155,0.0409
027410,BGF,KOSPI,3705,39105,145369335,95716791,0.0409
005940,NH투자증권,KOSPI,26650,150834,4046173975,369206105,0.0409
065660,안트로젠,KOSDAQ,14990,4087,61292250,10006100,0.0408
035890,서희건설,KOSDAQ,2210,84404,187200995,207588536,0.0407
173940,에프엔씨엔터,KOSDAQ,1977,6253,12370671,15392808,0.0406
006040,동원산업,KOSPI,34850,17925,627125650,44140819,0.0406
0130D0,신한제17호스팩,KOSDAQ,1969,2163,4270660,5340000,0.0405
208860,다산디엠씨,KOSDAQ,9640,1374,13446400,3394997,0.0405
037230,한국팩키지,KOSDAQ,1327,12055,15995401,29800327,0.0405
007210,벽산,KOSPI,1440,26335,37838977,65360000,0.0403
204610,티쓰리,KOSDAQ,2875,22310,64064805,55726220,0.04
088290,이원컴포텍,KOSDAQ,2485,3189,8040260,7976072,0.04
040910,아이씨디,KOSDAQ,4190,7253,30424328,18174275,0.0399
0041L0,하나35호스팩,KOSDAQ,1999,2393,4782344,6030000,0.0397
096760,JW홀딩스,KOSPI,4255,29324,124693216,73924942,0.0397
095190,신화프리텍,KOSDAQ,1855,25865,48134767,65260462,0.0396
121440,골프존홀딩스,KOSDAQ,7680,16960,129956120,42836818,0.0396
039290,인포뱅크,KOSDAQ,4185,3413,14275215,8693978,0.0393
169330,엠브레인,KOSDAQ,1840,7188,13191699,18316918,0.0392
143240,사람인,KOSDAQ,17520,4211,73416780,10732731,0.0392
00279K,아모레퍼시픽홀딩스3우C,KOSPI,20700,2781,57835000,7092200,0.0392
019770,서연탑메탈,KOSDAQ,3280,4562,14995870,11650000,0.0392
359090,씨엔알리서치,KOSDAQ,2245,4499,10217969,11494143,0.0391
342870,오아,KOSDAQ,3685,2133,7724665,5450197,0.0391
049960,쎌바이오텍,KOSDAQ,15550,3678,56911690,9400000,0.0391
139990,아주스틸,KOSPI,2290,15163,34613229,38755414,0.0391
000590,CS홀딩스,KOSPI,70600,451,31739200,1154482,0.0391
188040,바이오포트,KOSDAQ,4865,1822,8912385,4679308,0.0389
114630,폴라리스우노,KOSDAQ,1603,6676,10648432,17235248,0.0387
013570,디와이,KOSPI,4185,10177,42726925,26319633,0.0387
330590,롯데리츠,KOSPI,4125,111694,458562065,288968884,0.0387
034810,해성산업,KOSDAQ,5880,12168,71910835,31580152,0.0385
004780,대륙제관,KOSDAQ,4190,6079,25553267,15903199,0.0382
008870,금비,KOSPI,38850,377,14687800,1000000,0.0377
007570,일양약품,KOSPI,8050,7192,58021420,19085664,0.0377
357230,에이치피오,KOSDAQ,2130,15490,32976560,41293476,0.0375
314140,알피바이오,KOSDAQ,5800,3248,18880070,8666361,0.0375
025750,한솔홈데코,KOSPI,1898,6018,11414700,16113029,0.0373
000140,하이트진로홀딩스,KOSPI,7640,8659,66826480,23206765,0.0373
145270,케이탑리츠,KOSPI,794,17804,14133978,48060774,0.037
036460,한국가스공사,KOSPI,35950,34055,1218851225,92313000,0.0369
068050,팬엔터테인먼트,KOSDAQ,1099,10183,11325492,27694076,0.0368
003920,남양유업,KOSPI,41850,2085,87345200,5673447,0.0368
33626L,두산퓨얼셀2우B,KOSPI,7410,1094,7951635,2986300,0.0366
043340,에쎈테크,KOSDAQ,600,17392,10413474,47500000,0.0366
18064K,한진칼우,KOSPI,30150,194,5879400,530297,0.0366
064820,케이프,KOSDAQ,7890,11280,89134010,30860215,0.0366
263720,디앤씨미디어,KOSDAQ,6970,4473,31127520,12245561,0.0365
352480,씨앤씨인터내셔널,KOSDAQ,20400,4978,102568250,13629901,0.0365
068330,일신바이오,KOSDAQ,1038,16124,16522545,44216140,0.0365
221840,하이즈항공,KOSDAQ,2065,6801,14180270,18700561,0.0364
00104K,CJ4우(전환),KOSPI,126700,1537,194705800,4226512,0.0364
332290,누보,KOSDAQ,4410,2872,12785980,7939249,0.0362
33626K,두산퓨얼셀1우,KOSPI,6240,4823,30143265,13364200,0.0361
001560,제일연마,KOSPI,9110,2732,24875290,7600000,0.0359
00088K,한화3우B,KOSPI,39000,5271,205857425,14676613,0.0359
086980,쇼박스,KOSDAQ,1729,22394,38779910,62438000,0.0359
280360,롯데웰푸드,KOSPI,119900,3295,395531400,9204574,0.0358
016880,웅진,KOSPI,1796,28593,51857548,79927080,0.0358
126600,BGF에코머티리얼즈,KOSDAQ,3205,22407,71828034,62766899,0.0357
051390,YW,KOSDAQ,3945,4053,15981119,11355368,0.0357
395400,SK리츠,KOSPI,5270,107121,566141570,301017620,0.0356
185750,종근당,KOSPI,65450,4899,320816850,13802780,0.0355
339950,아이비김영,KOSDAQ,2365,15897,37704694,44946655,0.0354
024800,유성티엔에스,KOSDAQ,4280,12403,53645670,35225370,0.0352
090355,노루페인트우,KOSPI,12280,163,1965420,463126,0.0352
066620,국보디자인,KOSDAQ,24350,2638,64701050,7500000,0.0352
462870,시프트업,KOSPI,30600,20636,635620750,58741890,0.0351
091810,트리니티항공,KOSPI,2635,35857,93955285,102106091,0.0351
032560,황금에스티,KOSPI,5540,5957,32860530,17000000,0.035
352700,씨앤투스,KOSDAQ,1462,9196,13453376,26276899,0.035
101240,씨큐브,KOSDAQ,3360,3953,13289095,11357052,0.0348
199550,레이저옵텍,KOSDAQ,3240,5147,16533110,14845791,0.0347
021880,메이슨캐피탈,KOSDAQ,1159,7346,8514926,21218440,0.0346
016610,DB증권,KOSPI,10380,14618,153003670,42446389,0.0344
302550,리메드,KOSDAQ,2600,10420,27258780,30275013,0.0344
123890,한국자산신탁,KOSPI,2415,42034,101382637,122373926,0.0343
036030,케이티알파,KOSDAQ,4945,16752,83477625,49019141,0.0342
026150,특수건설,KOSDAQ,3940,5994,23530390,17546331,0.0342
272550,삼양패키징,KOSPI,9860,5144,50374905,15068406,0.0341
083420,그린케미칼,KOSPI,4700,8188,38578145,24000000,0.0341
487570,HS효성,KOSPI,50100,1265,63073250,3725927,0.034
475660,에스켐,KOSDAQ,3085,2691,8156685,7929835,0.0339
015360,INVENI,KOSPI,14600,8905,130341130,26250000,0.0339
014820,동원시스템즈,KOSPI,22000,9830,214487050,28991282,0.0339
405920,나라셀라,KOSDAQ,1863,4363,7953175,12878076,0.0339
002800,신신제약,KOSDAQ,4450,5131,22819175,15170500,0.0338
003690,코리안리,KOSPI,14380,59581,854747115,176721031,0.0337
018700,졸스,KOSDAQ,1286,5629,7162431,16722260,0.0337
0165X0,메리츠제2호스팩,KOSDAQ,1935,2422,4693493,7240000,0.0335
115570,스타플렉스,KOSDAQ,2690,2670,7122220,7984508,0.0334
089850,유비벨록스,KOSDAQ,4325,4925,21255135,14730199,0.0334
318000,KBG,KOSDAQ,2765,2914,8044250,8740223,0.0333
005990,매일홀딩스,KOSDAQ,10310,4418,45487200,13298304,0.0332
010130,고려아연,KOSPI,1100000,6858,7514950500,20872969,0.0329
002210,동성제약,KOSPI,1284,31667,41071177,96619507,0.0328
078860,아이오케이이엔엠,KOSDAQ,2852,2015,5737949,6177188,0.0326
033200,모아텍,KOSDAQ,2410,2985,7195095,9204529,0.0324
106240,파인테크닉스,KOSDAQ,1350,8606,11563202,26581914,0.0324
061250,화일약품,KOSDAQ,6440,2714,17364910,8417584,0.0322
000157,두산2우B,KOSPI,382000,287,108163250,893038,0.0321
344820,KCC글라스,KOSPI,24300,5132,124866700,15970512,0.0321
006840,AK홀딩스,KOSPI,6970,4229,29418030,13247561,0.0319
051500,CJ프레시웨이,KOSDAQ,21600,3768,81179500,11871586,0.0317
001620,케이비아이동국실업,KOSPI,2180,7048,15316885,22258606,0.0317
168330,내츄럴엔도텍,KOSDAQ,2405,9957,24003570,31754900,0.0314
004970,신라교역,KOSPI,8980,5012,44900430,16000000,0.0313
357550,석경에이티,KOSDAQ,33050,1704,56492950,5455000,0.0312
377740,바이오노트,KOSPI,4635,31656,146862880,101886048,0.0311
036580,팜스코,KOSPI,2450,11392,27983430,36727943,0.031
097780,에코볼트,KOSDAQ,1459,6273,9166078,20293089,0.0309
092130,이크레더블,KOSDAQ,14130,3721,52746230,12043600,0.0309
003540,대신증권,KOSPI,25350,14662,373629750,47666126,0.0308
083640,인콘,KOSDAQ,5280,1412,7432750,4591668,0.0308
481850,신한글로벌액티브리츠,KOSPI,969,13362,13041292,43477664,0.0307
148930,에이치와이티씨,KOSDAQ,3115,3118,9731770,10175213,0.0306
471820,셀로맥스사이언스,KOSDAQ,4135,3432,14220095,11302879,0.0304
018250,애경산업,KOSPI,11160,7974,89164970,26409935,0.0302
064800,포니링크,KOSDAQ,2120,7647,16030540,25561459,0.0299
263690,디알젬,KOSDAQ,5180,3384,17486170,11325610,0.0299
435570,에르코스,KOSDAQ,7020,2274,15786540,7616983,0.0299
078020,LS증권,KOSDAQ,6450,16525,106951855,55481190,0.0298
448730,삼성FN리츠,KOSPI,4975,27056,134992431,91050000,0.0297
073560,우리손에프앤지,KOSDAQ,1513,20512,30986376,69237643,0.0296
004800,효성,KOSPI,158600,4951,785415650,16740407,0.0296
477470,미래에셋비전스팩5호,KOSDAQ,2065,1619,3343240,5480000,0.0295
036560,KZ정밀,KOSDAQ,11960,4598,54996240,15750000,0.0292
0091W0,신영스팩11호,KOSDAQ,2035,1767,3596370,6068000,0.0291
273060,와이즈버즈,KOSDAQ,3910,2858,11182755,9828856,0.0291
015890,태경산업,KOSPI,4795,8484,40661011,29228750,0.029
079170,한창산업,KOSDAQ,5570,1507,8346100,5200000,0.029
040160,누리플렉스,KOSDAQ,6400,3442,21857000,11883351,0.029
26490K,크라운제과우,KOSPI,7430,224,1648970,773560,0.029
149980,하이로닉,KOSDAQ,4480,4977,22387650,17199046,0.0289
007860,서연,KOSPI,7610,6781,51867175,23479844,0.0289
015710,코콤,KOSDAQ,2935,5027,14799585,17530500,0.0287
043650,국순당,KOSDAQ,3500,5108,17867620,17858304,0.0286
035250,강원랜드,KOSPI,14300,60928,872097070,213940500,0.0285
002100,경농,KOSPI,9030,5536,50008720,19522575,0.0284
472850,폰드그룹,KOSDAQ,4680,16299,76342880,57571652,0.0283
027970,한국제지,KOSPI,2690,10710,28951950,38030144,0.0282
104700,한국철강,KOSPI,9450,10257,96531070,36450000,0.0281
451250,삐아,KOSDAQ,7280,2877,21052435,10225877,0.0281
335810,프리시젼바이오,KOSDAQ,1501,6168,9181498,21949506,0.0281
170900,동아에스티,KOSPI,34900,2733,95514350,9727881,0.0281
019680,대교,KOSPI,1622,11300,18187006,40233850,0.0281
021820,세원정공,KOSPI,10490,2804,29598580,10000000,0.028
086040,바이오톡스텍,KOSDAQ,2295,4460,10161012,15958247,0.0279
178780,일월지엠엘,KOSDAQ,2400,5199,12562365,18639195,0.0279
003850,보령,KOSPI,8470,23839,202060805,85787207,0.0278
023910,대한약품,KOSDAQ,25900,1664,43279600,6000000,0.0277
060540,에스에이티,KOSDAQ,1334,7182,9508632,26132934,0.0275
037950,엘컴텍,KOSDAQ,2775,4624,12739820,16889503,0.0274
133750,메가엠디,KOSDAQ,1360,6408,8649784,23407077,0.0274
013890,지누스,KOSPI,6830,5967,40863270,21925813,0.0272
102370,케이옥션,KOSDAQ,2875,7010,20173655,25888290,0.0271
298690,에어부산,KOSPI,1499,44077,66165803,162914872,0.0271
009300,삼아제약,KOSDAQ,13960,1722,23982470,6370000,0.027
053210,스카이라이프,KOSPI,4005,12806,51235485,47522955,0.0269
179290,엠아이텍,KOSDAQ,4635,8679,40377269,32365678,0.0268
007680,대원,KOSDAQ,3070,3534,10885055,13222738,0.0267
029780,삼성카드,KOSPI,41800,30901,1295537700,115858891,0.0267
120030,조선선재,KOSPI,82200,334,27634200,1257651,0.0266
008470,부스타,KOSDAQ,1638,4457,7272242,16809600,0.0265
038870,에코심플렉스,KOSDAQ,2100,3715,7708512,14014949,0.0265
072710,농심홀딩스,KOSPI,88600,1229,108891400,4637790,0.0265
376290,씨유테크,KOSDAQ,2815,4665,13075075,17657500,0.0264
444530,심플랫폼,KOSDAQ,4750,1692,8050035,6431786,0.0263
003475,유안타증권우,KOSPI,4135,3363,13961815,12811370,0.0263
478110,이베스트스팩6호,KOSDAQ,2062,1317,2713065,5020000,0.0262
297570,아틀라스링크,KOSDAQ,3945,1808,6946860,6924243,0.0261
000320,노루홀딩스,KOSPI,15570,3464,53929720,13291151,0.0261
034310,NICE,KOSPI,11730,9529,112066620,36757157,0.0259
216050,인크로스,KOSDAQ,4985,3150,15691612,12198622,0.0258
010470,오리콤,KOSDAQ,5050,3080,15486010,11975050,0.0257
021040,대호특수강,KOSDAQ,930,5548,5199115,21704774,0.0256
264900,크라운제과,KOSPI,7600,3174,24283660,12523850,0.0253
047820,초록뱀미디어,KOSDAQ,3185,6099,19322438,24453930,0.0249
074430,아미노로직스,KOSDAQ,1050,22280,23516017,89341992,0.0249
084870,TBH글로벌,KOSPI,2190,5087,11235550,20458256,0.0249
464580,닷밀,KOSDAQ,1611,4565,7365767,18406089,0.0248
035610,솔본,KOSDAQ,4890,6780,33151160,27345997,0.0248
002450,삼익악기,KOSPI,1085,22327,24279574,90530915,0.0247
005810,풍산홀딩스,KOSPI,36650,3550,130949300,14417292,0.0246
111110,호전실업,KOSPI,6310,2220,14037730,9066000,0.0245
225530,HC보광산업,KOSDAQ,2105,8896,18709055,36338727,0.0245
001810,무림SP,KOSDAQ,1136,5411,6141268,22137500,0.0244
123840,뉴온,KOSDAQ,1808,3784,6918819,15553050,0.0243
013870,지엠비코리아,KOSPI,3785,4635,17585205,19072280,0.0243
060150,인선이엔티,KOSDAQ,3000,11060,33250730,45563612,0.0243
0010V0,제이피아이헬스케어,KOSDAQ,8890,1229,10885950,5105400,0.0241
311690,CJ 바이오사이언스,KOSDAQ,3725,3114,11713560,13065462,0.0238
003100,선광,KOSDAQ,20450,1564,32028900,6600000,0.0237
277070,린드먼아시아,KOSDAQ,3505,3240,11451395,13692000,0.0237
031210,서울보증보험,KOSPI,42000,16515,693006175,69821598,0.0237
033050,제이엠아이,KOSDAQ,810,7518,6051445,31839328,0.0236
005305,롯데칠성우,KOSPI,66000,183,12108800,775310,0.0236
290520,신도기연,KOSDAQ,1666,3711,6121525,15736164,0.0236
039420,케이엘넷,KOSDAQ,2660,5383,14240341,22946994,0.0235
260660,알리코제약,KOSDAQ,2255,3586,8124955,15327021,0.0234
000860,강남제비스코,KOSPI,11950,3034,36274960,13000000,0.0233
261200,덴티스,KOSDAQ,2645,3684,9694536,15809700,0.0233
023450,동남합성,KOSPI,31750,809,25541700,3500000,0.0231
033830,티비씨,KOSDAQ,1688,4340,7290122,18907130,0.023
219750,한국비티비,KOSDAQ,1717,2986,5104040,13085377,0.0228
268280,미원에스씨,KOSPI,125000,1132,142006000,5000000,0.0226
300720,한일시멘트,KOSPI,16030,16591,266567070,73545209,0.0226
03481K,해성산업1우,KOSDAQ,5810,310,1803170,1377453,0.0225
005610,삼립,KOSPI,41100,1917,79426250,8629009,0.0222
950140,잉글우드랩,KOSDAQ,8160,4404,35810850,19867866,0.0222
017810,풀무원,KOSPI,8810,8319,73324620,38120542,0.0218
090470,제이스로보틱스,KOSDAQ,4110,3812,15630455,17476594,0.0218
016100,리더스코스메틱,KOSDAQ,1268,4161,5267769,19100894,0.0218
171120,라이온켐텍,KOSDAQ,2040,7802,15914870,35901760,0.0217
353190,휴럼,KOSDAQ,2595,1709,4413735,7875684,0.0217
381970,KG모빌리티플랫폼,KOSPI,6250,10554,66232640,48820848,0.0216
131220,대한과학,KOSDAQ,3600,1611,5771570,7454490,0.0216
007530,와이엠,KOSDAQ,1734,4748,8246469,22254231,0.0213
134060,이퓨쳐,KOSDAQ,5410,1017,5506640,4769250,0.0213
014570,고려제약,KOSDAQ,3230,2343,7553500,11000000,0.0213
123570,이엠넷,KOSDAQ,1629,4647,7503396,22276078,0.0209
318020,포인트모바일,KOSDAQ,2560,2563,6539225,12301272,0.0208
352940,인바이오,KOSDAQ,2025,2262,4560885,10867730,0.0208
192390,윈하이텍,KOSDAQ,1853,2483,4607883,11967246,0.0207
023900,풍국주정,KOSDAQ,7190,2608,18811660,12600000,0.0207
032280,삼일,KOSDAQ,1325,3345,4399371,16213590,0.0206
004540,깨끗한나라,KOSPI,1239,7683,9424407,37240693,0.0206
023760,한국캐피탈,KOSDAQ,1406,32528,45723572,157804788,0.0206
001940,KISCO홀딩스,KOSPI,25500,2906,73691500,14176380,0.0205
029530,신도리코,KOSPI,38300,1989,76343100,9715729,0.0205
094850,참좋은여행,KOSDAQ,4220,2862,12105022,14000000,0.0204
122310,제노레이,KOSDAQ,3300,2962,9798243,14553844,0.0204
021320,KCC건설,KOSDAQ,5640,4304,24062760,21400000,0.0201
000180,성창기업지주,KOSPI,4800,2792,13394955,13950320,0.02
007770,한일화학,KOSDAQ,7780,699,5394130,3510000,0.0199
025530,SJM홀딩스,KOSPI,3640,2966,10781940,14934008,0.0199
463480,모티브링크,KOSDAQ,3900,2459,9631490,12390358,0.0198
239610,에이치엘사이언스,KOSDAQ,5210,1063,5448180,5392115,0.0197
056700,신화인터텍,KOSDAQ,1407,5738,8100065,29135091,0.0197
005740,크라운해태홀딩스,KOSPI,5230,2923,15224120,14847347,0.0197
036630,세종텔레콤,KOSDAQ,7740,2739,21198020,14000000,0.0196
093190,빅솔론,KOSDAQ,8180,3751,30732380,19238905,0.0195
373160,데이원컴퍼니,KOSDAQ,3310,2636,8619405,13582470,0.0194
032540,TJ미디어,KOSDAQ,3770,4052,15177895,20897413,0.0194
034950,한국기업평가,KOSDAQ,102500,864,88742600,4540514,0.019
001685,대상우,KOSPI,14730,260,3821030,1370223,0.019
036000,예림당,KOSDAQ,2685,4329,11679072,23034277,0.0188
032750,삼진,KOSDAQ,2915,1696,4942195,9031122,0.0188
025440,DH오토웨어,KOSDAQ,3200,1820,5806120,9756244,0.0187
040610,SG&G,KOSDAQ,3220,3160,10146160,17043598,0.0185
002960,한국쉘석유,KOSPI,520000,240,124368000,1300000,0.0185
192400,쿠쿠홀딩스,KOSPI,26700,6518,174834300,35562185,0.0183
126560,현대퓨처넷,KOSPI,3390,19848,67246215,109201040,0.0182
096690,에이루트,KOSDAQ,6360,722,4608880,4022842,0.0179
007280,한국특강,KOSPI,2280,5105,11701645,28646540,0.0178
004250,NPC,KOSPI,2860,6536,18567475,36720000,0.0178
110790,크리스에프앤씨,KOSDAQ,3005,4139,12367170,23430960,0.0177
256150,한독크린텍,KOSDAQ,5000,1481,7393385,8395000,0.0176
020560,아시아나항공,KOSPI,8160,36290,297097830,205990711,0.0176
377330,이지트로닉스,KOSDAQ,2760,1413,3883990,8139954,0.0174
034120,SBS,KOSPI,11630,3171,36913660,18551238,0.0171
004840,DRB동일,KOSPI,3980,3230,12861655,19272364,0.0168
001130,대한제분,KOSPI,10960,2826,31164160,16900000,0.0167
002355,넥센타이어1우B,KOSPI,3965,1078,4277755,6500000,0.0166
064520,테크엘,KOSDAQ,1516,3705,5518392,22351062,0.0166
204020,그리티,KOSDAQ,1790,3221,5744427,19450832,0.0166
003080,SB성보,KOSPI,2220,3287,7295745,20020000,0.0164
001630,종근당홀딩스,KOSPI,37200,814,30380125,5009861,0.0162
067370,선바이오,KOSDAQ,5440,1969,10592520,12213841,0.0161
052600,한네트,KOSDAQ,2850,1808,5161165,11563700,0.0156
000240,한국앤컴퍼니,KOSPI,25250,14736,370826125,94935240,0.0155
014440,영보화학,KOSPI,4670,3104,14485470,20000000,0.0155
023960,에쓰씨엔지니어링,KOSPI,1003,5873,5875819,38035973,0.0154
057030,YBM넷,KOSDAQ,2100,2498,5213445,16312697,0.0153
408920,메쎄이상,KOSDAQ,2990,6614,19970395,43232455,0.0153
004720,팜젠사이언스,KOSPI,2860,3453,9844210,22654365,0.0152
347740,피엔케이피부임상연구센타,KOSDAQ,1649,4535,7543106,30010576,0.0151
122450,KX,KOSDAQ,2515,6768,17032185,44819834,0.0151
071840,롯데하이마트,KOSPI,5950,3524,20950160,23607712,0.0149
034590,인천도시가스,KOSPI,26150,653,17080500,4374754,0.0149
024090,디씨엠,KOSPI,11460,1693,19366700,11400000,0.0149
007160,사조산업,KOSPI,47550,741,35289300,5000000,0.0148
002620,제일파마홀딩스,KOSPI,7570,2325,17650800,15973355,0.0146
043710,코스리거글로벌,KOSDAQ,3080,2498,7493085,17312502,0.0144
004910,조광페인트,KOSPI,3435,1846,6338060,12800000,0.0144
003960,사조대림,KOSPI,27200,1315,35575050,9164467,0.0143
001020,페이퍼코리아,KOSPI,1931,5103,9905888,35596662,0.0143
256630,포인트엔지니어링,KOSDAQ,4345,1660,7244545,11599414,0.0143
010240,흥국,KOSDAQ,5250,1667,8725630,11706000,0.0142
361570,알비더블유,KOSDAQ,1600,4081,6525057,28743291,0.0142
004365,세방우,KOSPI,9150,513,4695090,3689250,0.0139
061040,알에프텍,KOSDAQ,7300,1254,9214000,9048223,0.0139
130500,GH신소재,KOSDAQ,1924,2012,3836500,14545052,0.0138
022220,티케이지애강,KOSDAQ,824,7154,5868035,51794579,0.0138
290090,트윔,KOSDAQ,4545,1027,4694025,7440568,0.0138
002420,우양피앤엘,KOSPI,5920,4287,25575740,31167884,0.0138
060380,동양에스텍,KOSDAQ,1324,2707,3585951,19700000,0.0137
063570,NICE인프라,KOSDAQ,3295,4666,15406606,34147728,0.0137
369370,블리츠웨이엔터테인먼트,KOSDAQ,2990,1357,4046455,9974382,0.0136
448280,에코아이,KOSDAQ,9390,4013,37264680,29631129,0.0135
363250,진시스템,KOSDAQ,4160,1136,4721480,8508382,0.0134
187220,디티앤씨,KOSDAQ,2000,1533,3089865,11524933,0.0133
352910,오비고,KOSDAQ,4715,1679,7942890,12637802,0.0133
267790,배럴,KOSDAQ,3065,1019,3098260,7689309,0.0133
003460,유화증권,KOSPI,3000,7510,22506980,56702415,0.0132
188260,세니젠,KOSDAQ,2090,1808,3753420,13901318,0.013
36328K,티와이홀딩스우,KOSPI,2980,151,439920,1174949,0.0129
094800,맵스리얼티,KOSPI,7660,11881,91536420,92834331,0.0128
180400,DXVX,KOSDAQ,2370,12585,29366365,98429432,0.0128
363280,티와이홀딩스,KOSPI,2070,5799,12044515,45497333,0.0127
900310,컬러레이,KOSDAQ,2030,1632,3311945,12808335,0.0127
012700,리드코프,KOSDAQ,2910,3301,9649095,25994852,0.0127
005670,푸드웰,KOSDAQ,6180,1265,7808390,10000000,0.0127
451800,한화리츠,KOSPI,5300,22602,120108980,179600000,0.0126
084690,대상홀딩스,KOSPI,7850,4496,35333880,36212538,0.0124
0030R0,대신밸류리츠,KOSPI,3825,7385,28930320,59780000,0.0124
003070,코오롱글로벌,KOSPI,9190,3081,28220130,25423959,0.0121
270870,뉴트리,KOSDAQ,3730,1088,4013425,8994846,0.0121
101970,우양에이치씨,KOSDAQ,9970,1767,17452970,14790009,0.0119
039570,HDC랩스,KOSPI,7470,3084,23079800,25957601,0.0119
003800,에이스침대,KOSDAQ,32000,1302,41779700,11090000,0.0117
009200,무림페이퍼,KOSPI,1525,4868,7409937,41609310,0.0117
000540,흥국화재,KOSPI,3440,7500,25763990,64242645,0.0117
016450,한세예스24홀딩스,KOSPI,4300,4649,20016604,40000000,0.0116
28513K,SK케미칼우,KOSPI,25550,245,6270950,2115429,0.0116
002460,HS화성,KOSPI,10960,1164,12773570,10150000,0.0115
046390,삼화네트웍스,KOSDAQ,2090,1948,4076392,17269173,0.0113
053270,구영테크,KOSDAQ,1951,3005,5867512,27410405,0.011
200780,비씨월드제약,KOSDAQ,3015,1155,3477620,10665661,0.0108
159910,에코글로우,KOSDAQ,3070,1123,3472405,10467097,0.0107
124560,태웅로직스,KOSDAQ,1959,4148,8137839,38720811,0.0107
033290,로젠,KOSDAQ,1522,5978,9132169,56156301,0.0106
068100,케이웨더,KOSDAQ,2310,1257,2912685,11927536,0.0105
001270,부국증권,KOSPI,50500,1091,55044200,10369886,0.0105
008355,남선알미우,KOSPI,7310,32,236640,307890,0.0104
004700,조광피혁,KOSPI,67200,690,46266000,6649138,0.0104
003300,한일홀딩스,KOSPI,17140,3182,54805215,30831444,0.0103
098660,에스티오,KOSDAQ,1672,1273,2130311,12500976,0.0102
009810,MDS스피어,KOSPI,1904,2070,3981214,20351656,0.0102
367000,플래티어,KOSDAQ,3565,852,3002200,8388207,0.0102
00499K,롯데지주우,KOSPI,24900,81,2016650,805603,0.0101
094280,효성ITX,KOSPI,11920,1161,13815140,11558200,0.01
317530,에피소드컴퍼니,KOSDAQ,3235,1749,5625595,17494882,0.01
004890,동일산업,KOSPI,34450,232,7958950,2425215,0.0096
004080,신흥,KOSPI,14360,883,12686360,9300000,0.0095
021650,한국큐빅,KOSDAQ,1930,1549,2999982,16350563,0.0095
000087,하이트진로2우B,KOSPI,12340,106,1310640,1130138,0.0094
37550L,DL이앤씨2우(전환),KOSPI,47050,196,9273850,2111951,0.0093
042040,케이피엠테크,KOSDAQ,5020,794,3982720,8670991,0.0092
000950,전방,KOSPI,29300,153,4486750,1680000,0.0091
33637L,솔루스첨단소재2우B,KOSPI,2300,342,798260,3777892,0.0091
134790,시디즈,KOSPI,18570,180,3327630,2000000,0.009
030610,교보증권,KOSPI,9890,10063,100158060,113962961,0.0088
090150,아이윈,KOSDAQ,6000,361,2170470,4187529,0.0086
067570,엔브이에이치코리아,KOSDAQ,1647,3610,5952662,42170000,0.0086
123700,SJM,KOSPI,3280,1303,4275465,15604898,0.0083
001275,부국증권우,KOSPI,30350,248,7526800,3000000,0.0083
049830,승일,KOSDAQ,6410,503,3244480,6132112,0.0082
016590,신대양제지,KOSPI,9140,3301,30051290,40297820,0.0082
041650,상신브레이크,KOSPI,2180,1755,3824032,21471450,0.0082
016800,퍼시스,KOSPI,24300,917,23870350,11500000,0.008
263920,휴엠앤씨,KOSDAQ,3215,775,2489960,9809026,0.0079
023600,삼보판지,KOSDAQ,9010,1210,10928465,16008300,0.0076
001460,BYC,KOSPI,35950,467,16714350,6246150,0.0075
044780,에이치케이,KOSDAQ,1335,1370,1833657,18505787,0.0074
482690,대신밸런스제19호스팩,KOSDAQ,2080,412,856399,5615000,0.0073
003120,일성아이에스,KOSPI,22100,965,21293100,13300000,0.0073
016710,대성홀딩스,KOSPI,6880,1147,7870020,16089459,0.0071
000227,유유제약2우B,KOSPI,7590,23,175030,322960,0.0071
006090,사조오양,KOSPI,9020,607,5461370,9422736,0.0064
493790,유안타제17호스팩,KOSDAQ,2022,334,676257,5310000,0.0063
318010,팜스빌,KOSDAQ,3450,497,1714095,7929338,0.0063
115310,인포바인,KOSDAQ,9540,928,8914330,14831549,0.0063
250000,보라티알,KOSDAQ,5500,412,2263430,6750733,0.0061
050120,ES큐브,KOSDAQ,3320,812,2686395,13564086,0.006
109960,앱토크롬,KOSDAQ,1866,892,1670175,15132233,0.0059
007700,F&F홀딩스,KOSPI,13400,2236,30021900,39114367,0.0057
267850,아시아나IDT,KOSPI,9340,600,5580380,11100000,0.0054
060570,드림어스컴퍼니,KOSDAQ,4955,795,3916740,14820314,0.0054
478390,KB제29호스팩,KOSDAQ,2070,324,670835,6220000,0.0052
073110,엘엠에스,KOSDAQ,5190,462,2414640,8895755,0.0052
093920,서원인텍,KOSDAQ,4835,965,4677835,18600000,0.0052
474930,신한제13호스팩,KOSDAQ,2090,184,385490,3620000,0.0051
220180,폴라리스AI핸디,KOSDAQ,1359,1207,1615450,23930842,0.005
143160,아이디스,KOSDAQ,15840,520,8319590,10716390,0.0049
060560,HC홈센타,KOSDAQ,1901,1164,2219501,25388001,0.0046
005965,동부건설우,KOSPI,17190,10,171900,225732,0.0044
014710,사조씨푸드,KOSPI,9660,758,7323550,17218543,0.0044
066900,디에이피,KOSDAQ,1773,986,1757952,22744503,0.0043
004450,삼화왕관,KOSPI,28050,93,2613300,2154379,0.0043
004545,깨끗한나라우,KOSPI,3800,14,53200,366160,0.0038
001755,한양증권우,KOSPI,19320,17,325780,472870,0.0036
058650,세아홀딩스,KOSPI,128300,121,15394250,4055236,0.003
018120,진로발효,KOSDAQ,16760,194,3249170,6621120,0.0029
002170,SYTS,KOSPI,51600,81,4188200,3000000,0.0027
003830,대한화섬,KOSPI,109000,34,3656500,1328000,0.0026
078000,텔코웨어,KOSPI,13520,200,2703710,9240077,0.0022
478440,미래에셋비전스팩6호,KOSDAQ,2060,138,284870,6930000,0.002
080420,모다이노칩,KOSDAQ,1567,1569,2454237,79721622,0.002
0088D0,메리츠제1호스팩,KOSDAQ,2080,103,212740,5795000,0.0018
003075,코오롱글로벌우,KOSPI,12580,13,163500,740737,0.0018
039340,한국경제TV,KOSDAQ,4820,362,1736390,22000000,0.0016
023000,삼원강재,KOSPI,2200,625,1376276,39739956,0.0016
134380,미원화학,KOSPI,10340,334,3465510,21992680,0.0015
005257,녹십자홀딩스2우,KOSPI,18340,11,201740,845990,0.0013
107590,미원홀딩스,KOSPI,59900,22,1317800,2320000,0.0009
222110,팬젠,KOSDAQ,4800,112,542150,13514509,0.0008
950170,JTC,KOSDAQ,4250,367,1563080,48773115,0.0008
002600,조흥,KOSPI,139000,3,417000,600000,0.0005
001527,동양2우B,KOSPI,5150,1,5150,205705,0.0005
000545,흥국화재우,KOSPI,5740,3,17440,768000,0.0004
014825,동원시스템즈우,KOSPI,13810,1,13810,264111,0.0004
001065,JW중외제약우,KOSPI,22500,1,22500,341951,0.0003
279600,미디어젠,KOSDAQ,3935,9,34865,4684781,0.0002
052770,아이톡시,KOSDAQ,312,0,0,14568774,0.0
016790,현대사료,KOSDAQ,994,0,0,188471729,0.0
241820,피씨엘,KOSDAQ,6040,0,0,2782098,0.0
482680,미래에셋비전스팩7호,KOSDAQ,2055,0,0,8215000,0.0
050110,캠시스,KOSDAQ,1079,0,0,29224823,0.0
258830,세종메디칼,KOSDAQ,412,0,0,75786351,0.0
057540,옴니시스템,KOSDAQ,602,0,0,59394268,0.0
087260,모바일어플라이언스,KOSDAQ,247,0,0,32552861,0.0
284620,카이노스메드,KOSDAQ,1087,0,0,33086953,0.0
067770,세진티에스,KOSDAQ,1031,0,0,8396593,0.0
068940,셀피글로벌,KOSDAQ,778,0,0,45912716,0.0
035290,골드앤에스,KOSDAQ,384,0,0,4767648,0.0
025870,신라에스지,KOSDAQ,1059,0,0,4000000,0.0
225430,케이엠제약,KOSDAQ,698,0,0,6485675,0.0
312610,에이에프더블류,KOSDAQ,37,0,0,20256888,0.0
468760,유진스팩10호,KOSDAQ,2080,0,0,4240000,0.0
066790,씨씨에스,KOSDAQ,2205,0,0,44152039,0.0
038060,루멘스바이오스,KOSDAQ,689,0,0,48103069,0.0
246250,에스엘에스바이오,KOSDAQ,1969,0,0,15348206,0.0
030350,드래곤플라이,KOSDAQ,973,0,0,15592079,0.0
393970,대진첨단소재,KOSDAQ,2825,0,0,17850820,0.0
023440,제이스코홀딩스,KOSDAQ,521,0,0,90142761,0.0
011000,진원생명과학,KOSPI,2670,0,0,18176581,0.0
015020,이스타코,KOSPI,928,0,0,21425800,0.0
214610,롤링스톤,KOSDAQ,2290,0,0,8383322,0.0
020760,일진디스플,KOSPI,902,0,0,61533781,0.0
217480,에스디생명공학,KOSDAQ,499,0,0,109733141,0.0
254120,자비스,KOSDAQ,910,0,0,30754270,0.0
489480,키움제11호스팩,KOSDAQ,2200,0,0,6600000,0.0
043220,티에스넥스젠,KOSDAQ,1710,0,0,16486023,0.0
033340,좋은사람들,KOSDAQ,460,0,0,96950558,0.0
017650,대림제지,KOSDAQ,10800,0,0,8785000,0.0
011810,STX,KOSPI,3530,0,0,31017927,0.0
131400,이브이첨단소재,KOSDAQ,766,0,0,59591882,0.0
050090,비케이홀딩스,KOSDAQ,696,0,0,23534735,0.0
229000,젠큐릭스,KOSDAQ,1957,0,0,23428165,0.0
418250,시큐레터,KOSDAQ,6550,0,0,7271605,0.0
380540,옵티코어,KOSDAQ,8450,0,0,24456583,0.0
073190,듀오백,KOSDAQ,1622,0,0,11968040,0.0
068240,다원시스,KOSDAQ,2530,0,0,38163437,0.0
008600,윌비스,KOSPI,2620,0,0,6723603,0.0
119650,KC코트렐,KOSPI,918,0,0,109785309,0.0
009440,KC그린홀딩스,KOSPI,756,0,0,23239141,0.0
069460,대호에이엘,KOSPI,2660,0,0,17414390,0.0
246720,아스타,KOSDAQ,6070,0,0,16381300,0.0
080720,한국유니온제약,KOSDAQ,2410,0,0,79851253,0.0
031860,디에이치엑스컴퍼니,KOSDAQ,6930,0,0,2700542,0.0
093240,형지엘리트,KOSPI,296,0,0,61390259,0.0
032080,아즈텍WB,KOSDAQ,1010,0,0,21491029,0.0
183490,엔지켐생명과학,KOSDAQ,990,0,0,84640235,0.0
049180,셀루메드,KOSDAQ,1009,0,0,83226192,0.0
058820,CMG제약,KOSDAQ,562,0,0,148123556,0.0
001470,삼부토건,KOSPI,5820,0,0,39139903,0.0
348950,제이알글로벌리츠,KOSPI,1182,0,0,197376000,0.0
340440,세림B&G,KOSDAQ,756,0,0,28378364,0.0
095910,에스에너지,KOSDAQ,583,0,0,36436634,0.0
000300,DH오토넥스,KOSPI,4200,0,0,41437055,0.0
041590,플래스크,KOSDAQ,2370,0,0,48972158,0.0
054180,메디콕스,KOSDAQ,2295,0,0,5527981,0.0
003465,유화증권우,KOSPI,3165,0,0,17476425,0.0
002410,범양건영,KOSPI,1935,0,0,27479820,0.0
304840,피플바이오,KOSDAQ,561,0,0,24320660,0.0
352770,셀레스트라,KOSDAQ,5250,0,0,2592407,0.0
244460,올리패스,KOSDAQ,1651,0,0,8125511,0.0
074610,이엔플러스,KOSPI,5110,0,0,8770137,0.0
101530,해태제과식품,KOSPI,5530,0,0,29116822,0.0
203400,에이비온,KOSDAQ,676,0,0,90101304,0.0
043610,KT지니뮤직,KOSDAQ,1055,0,0,58115438,0.0
482520,교보16호스팩,KOSDAQ,2065,0,0,6100000,0.0
028080,휴맥스홀딩스,KOSDAQ,5170,0,0,2427060,0.0
066410,버킷스튜디오,KOSDAQ,1153,0,0,138453818,0.0
036690,코맥스,KOSDAQ,2885,0,0,43567455,0.0
073640,테라사이언스,KOSDAQ,654,0,0,116378770,0.0
065570,삼영이엔씨,KOSDAQ,764,0,0,16093838,0.0
099520,DGI,KOSDAQ,1284,0,0,45281824,0.0
245620,EDGC,KOSDAQ,741,0,0,225531114,0.0
340930,성원에너텍,KOSDAQ,806,0,0,68875785,0.0
412540,제일엠앤에스,KOSDAQ,3935,0,0,20600665,0.0
288330,파라택시스코리아,KOSDAQ,416,0,0,106080948,0.0
143210,핸즈코퍼레이션,KOSPI,1199,0,0,27999783,0.0
145210,다이나믹디자인,KOSPI,2240,0,0,4223666,0.0
043100,알파AI,KOSDAQ,520,0,0,20110080,0.0
305090,마이크로디지탈,KOSDAQ,538,0,0,18896359,0.0
106080,케이이엠텍,KOSDAQ,1650,0,0,5761817,0.0
001067,JW중외제약2우B,KOSPI,51000,0,0,209973,0.0
056090,시지메드텍,KOSDAQ,1190,0,0,103259036,0.0
001840,이화공영,KOSDAQ,2215,0,0,28256809,0.0
019490,엑시큐어하이트론,KOSPI,541,0,0,76432270,0.0
009310,참엔지니어링,KOSPI,5330,0,0,4377014,0.0
234920,자이글,KOSDAQ,5310,0,0,13530910,0.0
294090,이오플로우,KOSDAQ,1490,0,0,41809105,0.0
377460,큐에이드,KOSDAQ,4080,0,0,62055687,0.0
014160,대영포장,KOSPI,655,0,0,108394549,0.0
121800,비덴트,KOSDAQ,3320,0,0,77201611,0.0
064090,인크레더블버즈,KOSDAQ,798,0,0,49742745,0.0
017040,광명전기,KOSPI,932,0,0,43337615,0.0
291810,핀텔,KOSDAQ,409,0,0,14025930,0.0
182400,엔케이젠바이오텍코리아,KOSDAQ,3670,0,0,72342431,0.0
309710,아이티켐,KOSDAQ,21000,0,0,12783001,0.0
368600,아이씨에이치,KOSDAQ,956,0,0,25795415,0.0
001570,금양,KOSPI,9900,0,0,63967196,0.0
263050,유틸렉스,KOSDAQ,959,0,0,36834856,0.0
457550,우진엔텍,KOSDAQ,14130,0,0,9318958,0.0
072770,멤레이비티,KOSDAQ,612,0,0,41512098,0.0
079970,투비소프트,KOSDAQ,596,0,0,12829234,0.0
065420,에스아이리소스,KOSDAQ,940,0,0,7748281,0.0
276040,스코넥,KOSDAQ,327,0,0,21630335,0.0
044380,주연테크,KOSPI,436,0,0,13896316,0.0
900100,파이온엑스,KOSDAQ,1096,0,0,5276050,0.0
044180,KD,KOSDAQ,205,0,0,26717799,0.0
313760,캐리,KOSDAQ,468,0,0,11207186,0.0
001770,SHD,KOSPI,3925,0,0,1214878,0.0
